"Time";"Angle 1.o/0/X";"Angle 1.o/0/Y";"Angle 1.a/0/X";"Angle 1.a/0/Y";"Angle 1.b/0/X";"Angle 1.b/0/Y";"Angle 1/o/X";"Angle 1/o/Y";"Angle 1/a/X";"Angle 1/a/Y";"Angle 1/b/X";"Angle 1/b/Y";"Angle 2.o/0/X";"Angle 2.o/0/Y";"Angle 2.a/0/X";"Angle 2.a/0/Y";"Angle 2.b/0/X";"Angle 2.b/0/Y";"Angle 2/o/X";"Angle 2/o/Y";"Angle 2/a/X";"Angle 2/a/Y";"Angle 2/b/X";"Angle 2/b/Y"
"0,0200";"925,9989";"-384,6226";"922,4763";"-270,1017";"927,6151";"-499,4323";"925,9989";"-384,6226";"922,4763";"-270,1017";"927,6151";"-499,4323";;;;;;;;;;;;
"0,0400";"924,6327";"-384,7729";"920,7642";"-270,4534";"926,3273";"-499,3775";"924,6327";"-384,7729";"920,7642";"-270,4534";"926,3273";"-499,3775";"909,6849";"-384,1073";"912,6764";"-269,7108";"905,0591";"-498,3032";"909,6849";"-384,1073";"912,6764";"-269,7108";"905,0591";"-498,3032"
"0,0600";"923,2407";"-384,8065";"919,1375";"-270,8716";"925,2702";"-499,5020";"923,2407";"-384,8065";"919,1375";"-270,8716";"925,2702";"-499,5020";"907,9980";"-384,0090";"910,8219";"-269,5908";"903,6843";"-498,1261";"907,9980";"-384,0090";"910,8219";"-269,5908";"903,6843";"-498,1261"
"0,0800";"921,6669";"-384,9353";"917,3969";"-271,1780";"924,1369";"-499,5732";"921,6669";"-384,9353";"917,3969";"-271,1780";"924,1369";"-499,5732";"906,3551";"-383,7592";"909,0192";"-269,4766";"902,1293";"-497,9562";"906,3551";"-383,7592";"909,0192";"-269,4766";"902,1293";"-497,9562"
"0,1000";"920,3174";"-385,1224";"915,4283";"-271,5929";"922,8485";"-499,6200";"920,3174";"-385,1224";"915,4283";"-271,5929";"922,8485";"-499,6200";"904,6598";"-383,5465";"907,5108";"-269,3123";"900,7246";"-497,8558";"904,6598";"-383,5465";"907,5108";"-269,3123";"900,7246";"-497,8558"
"0,1200";"918,9237";"-384,9207";"913,6384";"-271,7645";"921,7761";"-499,6689";"918,9237";"-384,9207";"913,6384";"-271,7645";"921,7761";"-499,6689";"902,8265";"-383,5198";"905,7581";"-269,0530";"899,3876";"-497,7984";"902,8265";"-383,5198";"905,7581";"-269,0530";"899,3876";"-497,7984"
"0,1400";"917,4884";"-384,9777";"911,9873";"-271,8112";"920,7449";"-499,8274";"917,4884";"-384,9777";"911,9873";"-271,8112";"920,7449";"-499,8274";"900,9967";"-383,3417";"903,7715";"-268,8177";"897,6898";"-497,4965";"900,9967";"-383,3417";"903,7715";"-268,8177";"897,6898";"-497,4965"
"0,1600";"916,2630";"-384,8956";"910,2222";"-271,8586";"919,5095";"-499,7942";"916,2630";"-384,8956";"910,2222";"-271,8586";"919,5095";"-499,7942";"899,3874";"-382,9971";"902,3161";"-268,5722";"896,1915";"-497,5114";"899,3874";"-382,9971";"902,3161";"-268,5722";"896,1915";"-497,5114"
"0,1800";"914,8363";"-384,7963";"908,5136";"-272,1459";"918,1300";"-499,7069";"914,8363";"-384,7963";"908,5136";"-272,1459";"918,1300";"-499,7069";"897,5920";"-383,0197";"900,5797";"-267,9972";"894,8200";"-497,4782";"897,5920";"-383,0197";"900,5797";"-267,9972";"894,8200";"-497,4782"
"0,2000";"913,2289";"-384,7686";"907,1531";"-272,2963";"916,9115";"-499,7539";"913,2289";"-384,7686";"907,1531";"-272,2963";"916,9115";"-499,7539";"895,8606";"-382,7875";"898,8173";"-267,8407";"893,3808";"-497,6003";"895,8606";"-382,7875";"898,8173";"-267,8407";"893,3808";"-497,6003"
"0,2200";"911,8263";"-384,8844";"905,4391";"-272,5718";"915,5816";"-499,8103";"911,8263";"-384,8844";"905,4391";"-272,5718";"915,5816";"-499,8103";"894,2660";"-382,6700";"897,0799";"-267,6306";"892,0863";"-497,5837";"894,2660";"-382,6700";"897,0799";"-267,6306";"892,0863";"-497,5837"
"0,2400";"910,5054";"-384,8119";"903,6801";"-272,7628";"914,3721";"-499,6867";"910,5054";"-384,8119";"903,6801";"-272,7628";"914,3721";"-499,6867";"888,0408";"-379,9929";"895,7541";"-267,3292";"883,9132";"-494,4455";"888,0408";"-379,9929";"895,7541";"-267,3292";"883,9132";"-494,4455"
"0,2600";"908,9559";"-385,0420";"902,0674";"-272,7677";"913,0373";"-499,5700";"908,9559";"-385,0420";"902,0674";"-272,7677";"913,0373";"-499,5700";"882,4593";"-376,3433";"894,1211";"-267,2173";"877,3476";"-490,2857";"882,4593";"-376,3433";"894,1211";"-267,2173";"877,3476";"-490,2857"
"0,2800";"907,5595";"-385,1382";"900,3521";"-272,7664";"911,7596";"-499,4026";"907,5595";"-385,1382";"900,3521";"-272,7664";"911,7596";"-499,4026";"877,2044";"-371,2000";"892,4009";"-267,2579";"871,3226";"-484,8694";"877,2044";"-371,2000";"892,4009";"-267,2579";"871,3226";"-484,8694"
"0,3000";"906,0713";"-385,2581";"898,4888";"-272,8244";"910,2648";"-499,1093";"906,0713";"-385,2581";"898,4888";"-272,8244";"910,2648";"-499,1093";"872,1413";"-365,2936";"890,7257";"-267,3348";"865,4259";"-478,0621";"872,1413";"-365,2936";"890,7257";"-267,3348";"865,4259";"-478,0621"
"0,3200";"904,4087";"-385,3979";"896,8889";"-272,9104";"908,8867";"-498,9798";"904,4087";"-385,3979";"896,8889";"-272,9104";"908,8867";"-498,9798";"867,7697";"-358,5212";"889,1484";"-267,4679";"859,9580";"-470,7194";"867,7697";"-358,5212";"889,1484";"-267,4679";"859,9580";"-470,7194"
"0,3400";"902,6859";"-385,4720";"895,2866";"-272,8714";"907,1887";"-498,7980";"902,6859";"-385,4720";"895,2866";"-272,8714";"907,1887";"-498,7980";"863,6307";"-351,5891";"887,2160";"-267,7329";"855,1047";"-463,2713";"863,6307";"-351,5891";"887,2160";"-267,7329";"855,1047";"-463,2713"
"0,3600";"896,2411";"-387,6657";"893,4298";"-272,9832";"900,8364";"-501,1324";"896,2411";"-387,6657";"893,4298";"-272,9832";"900,8364";"-501,1324";"859,8634";"-344,5985";"885,3576";"-267,6411";"850,7646";"-455,6699";"859,8634";"-344,5985";"885,3576";"-267,6411";"850,7646";"-455,6699"
"0,3800";"894,5440";"-387,5727";"891,6775";"-272,9567";"899,2495";"-501,1335";"894,5440";"-387,5727";"891,6775";"-272,9567";"899,2495";"-501,1335";"856,5429";"-338,1216";"883,6740";"-267,8435";"846,6197";"-448,3994";"856,5429";"-338,1216";"883,6740";"-267,8435";"846,6197";"-448,3994"
"0,4000";"892,8418";"-387,4170";"890,1236";"-272,9812";"897,7379";"-501,1662";"892,8418";"-387,4170";"890,1236";"-272,9812";"897,7379";"-501,1662";"853,6548";"-332,2496";"881,9816";"-267,7474";"842,9838";"-442,0682";"853,6548";"-332,2496";"881,9816";"-267,7474";"842,9838";"-442,0682"
"0,4200";"890,9701";"-387,2633";"888,3244";"-272,9450";"895,9099";"-501,0793";"890,9701";"-387,2633";"888,3244";"-272,9450";"895,9099";"-501,0793";"850,7898";"-327,5067";"880,1535";"-267,5163";"839,6691";"-436,7159";"850,7898";"-327,5067";"880,1535";"-267,5163";"839,6691";"-436,7159"
"0,4400";"889,3415";"-387,0080";"886,4309";"-272,9110";"894,1773";"-501,2517";"889,3415";"-387,0080";"886,4309";"-272,9110";"894,1773";"-501,2517";"848,3325";"-323,6910";"878,4338";"-267,5504";"836,8599";"-432,3819";"848,3325";"-323,6910";"878,4338";"-267,5504";"836,8599";"-432,3819"
"0,4600";"887,7642";"-386,9744";"884,8714";"-272,7670";"892,5174";"-501,3226";"887,7642";"-386,9744";"884,8714";"-272,7670";"892,5174";"-501,3226";"846,2350";"-321,2224";"876,7785";"-267,7947";"834,3753";"-429,5272";"846,2350";"-321,2224";"876,7785";"-267,7947";"834,3753";"-429,5272"
"0,4800";"885,9245";"-387,0633";"883,0841";"-272,6263";"890,9520";"-501,2531";"885,9245";"-387,0633";"883,0841";"-272,6263";"890,9520";"-501,2531";"844,5240";"-319,9826";"874,9445";"-267,7807";"832,3443";"-428,3229";"844,5240";"-319,9826";"874,9445";"-267,7807";"832,3443";"-428,3229"
"0,5000";"884,1637";"-386,9803";"881,2421";"-272,3767";"889,1331";"-501,2859";"884,1637";"-386,9803";"881,2421";"-272,3767";"889,1331";"-501,2859";"842,8590";"-320,1478";"873,2117";"-267,8505";"830,7998";"-428,3981";"842,8590";"-320,1478";"873,2117";"-267,8505";"830,7998";"-428,3981"
"0,5200";"882,6285";"-386,9140";"879,5385";"-272,3758";"887,5714";"-501,3172";"882,6285";"-386,9140";"879,5385";"-272,3758";"887,5714";"-501,3172";"841,7204";"-321,6817";"871,5642";"-268,0906";"829,6078";"-430,0605";"841,7204";"-321,6817";"871,5642";"-268,0906";"829,6078";"-430,0605"
"0,5400";"881,0177";"-386,7704";"877,9284";"-272,2495";"885,9887";"-501,0601";"881,0177";"-386,7704";"877,9284";"-272,2495";"885,9887";"-501,0601";"840,4344";"-324,6173";"869,8376";"-268,3431";"828,6955";"-433,5063";"840,4344";"-324,6173";"869,8376";"-268,3431";"828,6955";"-433,5063"
"0,5600";"879,2386";"-386,6292";"876,2003";"-272,1700";"884,2313";"-500,8162";"879,2386";"-386,6292";"876,2003";"-272,1700";"884,2313";"-500,8162";"839,4249";"-328,7639";"868,1325";"-268,2913";"828,1673";"-438,1758";"839,4249";"-328,7639";"868,1325";"-268,2913";"828,1673";"-438,1758"
"0,5800";"877,6389";"-386,4660";"874,6261";"-272,0904";"882,4678";"-500,6784";"877,6389";"-386,4660";"874,6261";"-272,0904";"882,4678";"-500,6784";"838,6042";"-334,2914";"866,6862";"-268,4512";"827,9781";"-443,9408";"838,6042";"-334,2914";"866,6862";"-268,4512";"827,9781";"-443,9408"
"0,6000";"876,0180";"-386,3529";"873,0160";"-271,9920";"880,8851";"-500,3772";"876,0180";"-386,3529";"873,0160";"-271,9920";"880,8851";"-500,3772";"838,2008";"-340,5503";"864,9674";"-268,6088";"828,3230";"-451,0992";"838,2008";"-340,5503";"864,9674";"-268,6088";"828,3230";"-451,0992"
"0,6200";"874,3138";"-385,8475";"871,3243";"-271,5299";"879,0881";"-500,0323";"874,3138";"-385,8475";"871,3243";"-271,5299";"879,0881";"-500,0323";"837,8857";"-347,4178";"863,2527";"-268,7910";"829,1054";"-458,5817";"837,8857";"-347,4178";"863,2527";"-268,7910";"829,1054";"-458,5817"
"0,6400";"872,7015";"-385,7004";"869,6182";"-271,3504";"877,5190";"-499,8965";"872,7015";"-385,7004";"869,6182";"-271,3504";"877,5190";"-499,8965";"838,2882";"-354,7536";"861,5916";"-268,7606";"830,2671";"-466,2769";"838,2882";"-354,7536";"861,5916";"-268,7606";"830,2671";"-466,2769"
"0,6600";"871,0743";"-385,6812";"867,8122";"-271,0938";"875,6346";"-499,7316";"871,0743";"-385,6812";"867,8122";"-271,0938";"875,6346";"-499,7316";"839,0836";"-362,1258";"859,9933";"-269,2048";"831,9869";"-474,2811";"839,0836";"-362,1258";"859,9933";"-269,2048";"831,9869";"-474,2811"
"0,6800";"869,2706";"-385,4328";"866,0470";"-270,6824";"873,6867";"-499,5164";"869,2706";"-385,4328";"866,0470";"-270,6824";"873,6867";"-499,5164";"840,3001";"-368,8003";"858,1452";"-269,4805";"834,2174";"-481,5678";"840,3001";"-368,8003";"858,1452";"-269,4805";"834,2174";"-481,5678"
"0,7000";"867,6853";"-385,2052";"864,3780";"-270,4437";"871,9201";"-499,4544";"867,6853";"-385,2052";"864,3780";"-270,4437";"871,9201";"-499,4544";"841,8532";"-374,7832";"856,5323";"-269,8229";"836,8540";"-487,8353";"841,8532";"-374,7832";"856,5323";"-269,8229";"836,8540";"-487,8353"
"0,7200";"865,9621";"-385,0979";"862,8186";"-270,3132";"869,9467";"-499,2044";"865,9621";"-385,0979";"862,8186";"-270,3132";"869,9467";"-499,2044";"843,9053";"-379,5771";"854,9509";"-270,0248";"839,6980";"-493,1754";"843,9053";"-379,5771";"854,9509";"-270,0248";"839,6980";"-493,1754"
"0,7400";"864,0681";"-385,0558";"861,1420";"-270,1760";"867,9172";"-498,8994";"864,0681";"-385,0558";"861,1420";"-270,1760";"867,9172";"-498,8994";"845,9647";"-382,7585";"853,2856";"-270,2587";"842,8197";"-497,2232";"845,9647";"-382,7585";"853,2856";"-270,2587";"842,8197";"-497,2232"
"0,7600";"862,3856";"-384,7868";"859,5111";"-270,2420";"866,3006";"-498,6624";"862,3856";"-384,7868";"859,5111";"-270,2420";"866,3006";"-498,6624";"847,9429";"-384,4785";"851,3804";"-270,2565";"846,1452";"-499,4326";"847,9429";"-384,4785";"851,3804";"-270,2565";"846,1452";"-499,4326"
"0,7800";"860,8009";"-384,3700";"857,8987";"-269,9638";"864,4246";"-498,6973";"860,8009";"-384,3700";"857,8987";"-269,9638";"864,4246";"-498,6973";"845,8238";"-384,4033";"849,7976";"-270,3939";"843,6253";"-499,3895";"845,8238";"-384,4033";"849,7976";"-270,3939";"843,6253";"-499,3895"
"0,8000";"859,0820";"-384,0390";"856,1076";"-269,6677";"862,4730";"-498,3994";"859,0820";"-384,0390";"856,1076";"-269,6677";"862,4730";"-498,3994";"843,8467";"-384,4169";"848,0519";"-270,4964";"841,1058";"-499,4117";"843,8467";"-384,4169";"848,0519";"-270,4964";"841,1058";"-499,4117"
"0,8200";"857,3940";"-383,9563";"854,4286";"-269,3715";"860,7269";"-498,2675";"857,3940";"-383,9563";"854,4286";"-269,3715";"860,7269";"-498,2675";"841,5662";"-384,4038";"846,3373";"-270,6022";"838,7207";"-499,3415";"841,5662";"-384,4038";"846,3373";"-270,6022";"838,7207";"-499,3415"
"0,8400";"855,6150";"-383,7214";"852,7082";"-269,0118";"858,7347";"-498,1225";"855,6150";"-383,7214";"852,7082";"-269,0118";"858,7347";"-498,1225";"839,6238";"-384,6496";"844,6253";"-270,7746";"836,3410";"-499,1482";"839,6238";"-384,6496";"844,6253";"-270,7746";"836,3410";"-499,1482"
"0,8600";"853,8020";"-383,4453";"850,9967";"-268,4845";"856,7006";"-497,8916";"853,8020";"-383,4453";"850,9967";"-268,4845";"856,7006";"-497,8916";"837,5733";"-384,7331";"842,9150";"-271,0128";"834,0076";"-498,8976";"837,5733";"-384,7331";"842,9150";"-271,0128";"834,0076";"-498,8976"
"0,8800";"851,9674";"-383,3225";"849,1927";"-268,3318";"854,7877";"-497,3350";"851,9674";"-383,3225";"849,1927";"-268,3318";"854,7877";"-497,3350";"835,3086";"-384,6156";"841,2973";"-271,1882";"831,6284";"-498,7812";"835,3086";"-384,6156";"841,2973";"-271,1882";"831,6284";"-498,7812"
"0,9000";"850,1157";"-382,9742";"847,5570";"-268,0829";"852,9310";"-497,2259";"850,1157";"-382,9742";"847,5570";"-268,0829";"852,9310";"-497,2259";"833,1382";"-384,5054";"839,6505";"-271,4717";"829,2192";"-498,5644";"833,1382";"-384,5054";"839,6505";"-271,4717";"829,2192";"-498,5644"
"0,9200";"848,4200";"-382,6985";"845,8140";"-267,8983";"850,9127";"-497,0612";"848,4200";"-382,6985";"845,8140";"-267,8983";"850,9127";"-497,0612";"831,1630";"-384,3666";"837,8355";"-271,8076";"826,7785";"-498,4291";"831,1630";"-384,3666";"837,8355";"-271,8076";"826,7785";"-498,4291"
"0,9400";"846,8980";"-382,4363";"844,0399";"-267,7338";"848,9997";"-497,0785";"846,8980";"-382,4363";"844,0399";"-267,7338";"848,9997";"-497,0785";"829,0322";"-384,3617";"836,0746";"-271,8414";"824,3076";"-498,1440";"829,0322";"-384,3617";"836,0746";"-271,8414";"824,3076";"-498,1440"
"0,9600";"845,3536";"-382,1905";"842,2506";"-267,5806";"847,0888";"-497,0583";"845,3536";"-382,1905";"842,2506";"-267,5806";"847,0888";"-497,0583";"826,7814";"-384,2404";"834,4851";"-271,8376";"822,0984";"-498,0050";"826,7814";"-384,2404";"834,4851";"-271,8376";"822,0984";"-498,0050"
"0,9800";"845,7960";"-381,2928";"840,5470";"-267,5216";"846,8631";"-496,3514";"845,7960";"-381,2928";"840,5470";"-267,5216";"846,8631";"-496,3514";"824,9634";"-384,4572";"832,6317";"-271,8440";"820,0578";"-497,7951";"824,9634";"-384,4572";"832,6317";"-271,8440";"820,0578";"-497,7951"
"1,0000";"845,0518";"-381,0168";"838,7942";"-267,4704";"846,5922";"-495,6352";"845,0518";"-381,0168";"838,7942";"-267,4704";"846,5922";"-495,6352";"823,0392";"-384,3723";"830,8835";"-271,7066";"817,9818";"-497,5852";"823,0392";"-384,3723";"830,8835";"-271,7066";"817,9818";"-497,5852"
"1,0200";"844,2656";"-380,4429";"837,2351";"-267,4172";"846,4072";"-494,9851";"844,2656";"-380,4429";"837,2351";"-267,4172";"846,4072";"-494,9851";"821,1130";"-384,5370";"829,2483";"-271,7550";"815,9630";"-497,3569";"821,1130";"-384,5370";"829,2483";"-271,7550";"815,9630";"-497,3569"
"1,0400";"843,4004";"-379,6894";"835,6848";"-267,3476";"846,2438";"-494,0653";"843,4004";"-379,6894";"835,6848";"-267,3476";"846,2438";"-494,0653";"819,3292";"-384,2741";"827,6958";"-271,9185";"813,9887";"-497,2925";"819,3292";"-384,2741";"827,6958";"-271,9185";"813,9887";"-497,2925"
"1,0600";"842,3143";"-379,1705";"834,0281";"-267,1244";"846,0128";"-493,2355";"842,3143";"-379,1705";"834,0281";"-267,1244";"846,0128";"-493,2355";"817,6677";"-384,1153";"826,0619";"-272,0661";"811,8553";"-497,0966";"817,6677";"-384,1153";"826,0619";"-272,0661";"811,8553";"-497,0966"
"1,0800";"841,2658";"-378,6792";"832,4323";"-267,0078";"845,5763";"-492,7478";"841,2658";"-378,6792";"832,4323";"-267,0078";"845,5763";"-492,7478";"815,8866";"-383,7836";"824,4500";"-272,3538";"809,6805";"-496,9060";"815,8866";"-383,7836";"824,4500";"-272,3538";"809,6805";"-496,9060"
"1,1000";"840,2571";"-378,2262";"830,8163";"-266,9652";"844,9732";"-492,1407";"840,2571";"-378,2262";"830,8163";"-266,9652";"844,9732";"-492,1407";"819,8511";"-387,1335";"822,7125";"-272,4982";"813,3019";"-500,2516";"819,8511";"-387,1335";"822,7125";"-272,4982";"813,3019";"-500,2516"
"1,1200";"839,0525";"-377,8733";"828,9726";"-266,8212";"844,2324";"-491,5119";"839,0525";"-377,8733";"828,9726";"-266,8212";"844,2324";"-491,5119";"818,2222";"-387,0570";"820,9940";"-272,3899";"811,5378";"-500,2665";"818,2222";"-387,0570";"820,9940";"-272,3899";"811,5378";"-500,2665"
"1,1400";"837,6962";"-377,5252";"827,3096";"-266,7567";"843,2805";"-491,1063";"837,6962";"-377,5252";"827,3096";"-266,7567";"843,2805";"-491,1063";"816,4237";"-386,9510";"819,2557";"-272,5897";"809,7084";"-500,1601";"816,4237";"-386,9510";"819,2557";"-272,5897";"809,7084";"-500,1601"
"1,1600";"836,4430";"-377,3371";"825,5580";"-266,9093";"842,2200";"-490,6733";"836,4430";"-377,3371";"825,5580";"-266,9093";"842,2200";"-490,6733";"814,6582";"-386,8986";"817,5569";"-272,6623";"807,9760";"-500,1612";"814,6582";"-386,8986";"817,5569";"-272,6623";"807,9760";"-500,1612"
"1,1800";"835,0507";"-377,0368";"823,9250";"-266,9631";"841,2139";"-490,2047";"835,0507";"-377,0368";"823,9250";"-266,9631";"841,2139";"-490,2047";"812,8419";"-387,0212";"815,6063";"-272,4709";"806,2912";"-499,9137";"812,8419";"-387,0212";"815,6063";"-272,4709";"806,2912";"-499,9137"
"1,2000";"833,5005";"-376,8377";"822,0677";"-266,8370";"839,9355";"-490,1307";"833,5005";"-376,8377";"822,0677";"-266,8370";"839,9355";"-490,1307";"810,9696";"-387,0639";"813,7698";"-272,3886";"804,7309";"-499,7483";"810,9696";"-387,0639";"813,7698";"-272,3886";"804,7309";"-499,7483"
"1,2200";"831,9262";"-376,8476";"820,3871";"-266,7889";"838,4451";"-490,1822";"831,9262";"-376,8476";"820,3871";"-266,7889";"838,4451";"-490,1822";"809,1358";"-387,0153";"812,0689";"-272,2772";"803,0385";"-499,6505";"809,1358";"-387,0153";"812,0689";"-272,2772";"803,0385";"-499,6505"
"1,2400";"830,3055";"-377,1562";"818,4870";"-266,9268";"836,8868";"-490,1945";"830,3055";"-377,1562";"818,4870";"-266,9268";"836,8868";"-490,1945";"807,3607";"-387,1189";"810,3523";"-272,0832";"801,5364";"-499,5275";"807,3607";"-387,1189";"810,3523";"-272,0832";"801,5364";"-499,5275"
"1,2600";"828,7761";"-377,1884";"816,9188";"-267,0690";"835,0103";"-490,4602";"828,7761";"-377,1884";"816,9188";"-267,0690";"835,0103";"-490,4602";"805,5929";"-387,0932";"808,5622";"-272,0369";"799,8481";"-499,3544";"805,5929";"-387,0932";"808,5622";"-272,0369";"799,8481";"-499,3544"
"1,2800";"827,0285";"-377,4204";"815,1324";"-267,1776";"832,9270";"-490,7849";"827,0285";"-377,4204";"815,1324";"-267,1776";"832,9270";"-490,7849";"803,8804";"-386,8391";"807,1015";"-272,1024";"798,2000";"-499,3592";"803,8804";"-386,8391";"807,1015";"-272,1024";"798,2000";"-499,3592"
"1,3000";"825,1443";"-377,7623";"813,3029";"-267,5741";"830,6989";"-490,9608";"825,1443";"-377,7623";"813,3029";"-267,5741";"830,6989";"-490,9608";"802,2634";"-386,5243";"805,6512";"-272,0435";"796,5615";"-499,1510";"802,2634";"-386,5243";"805,6512";"-272,0435";"796,5615";"-499,1510"
"1,3200";"823,2595";"-378,1977";"811,5814";"-267,9265";"828,3202";"-491,5714";"823,2595";"-378,1977";"811,5814";"-267,9265";"828,3202";"-491,5714";"800,6404";"-386,2023";"803,9480";"-272,0422";"794,8304";"-499,0193";"800,6404";"-386,2023";"803,9480";"-272,0422";"794,8304";"-499,0193"
"1,3400";"821,1141";"-378,6614";"809,9565";"-268,0104";"825,9090";"-492,2711";"821,1141";"-378,6614";"809,9565";"-268,0104";"825,9090";"-492,2711";"799,0347";"-385,9245";"802,1626";"-271,8729";"792,9786";"-498,8748";"799,0347";"-385,9245";"802,1626";"-271,8729";"792,9786";"-498,8748"
"1,3600";"818,7346";"-379,3119";"808,2574";"-268,0685";"823,2314";"-492,9626";"818,7346";"-379,3119";"808,2574";"-268,0685";"823,2314";"-492,9626";"797,2097";"-385,7729";"800,4102";"-271,5421";"791,3336";"-498,8353";"797,2097";"-385,7729";"800,4102";"-271,5421";"791,3336";"-498,8353"
"1,3800";"816,5220";"-379,9891";"806,3802";"-268,3655";"820,5706";"-493,8432";"816,5220";"-379,9891";"806,3802";"-268,3655";"820,5706";"-493,8432";"795,4346";"-385,6713";"798,6616";"-271,1787";"789,6429";"-498,6741";"795,4346";"-385,6713";"798,6616";"-271,1787";"789,6429";"-498,6741"
"1,4000";"814,2289";"-380,6002";"805,0249";"-268,4246";"817,8393";"-494,9534";"814,2289";"-380,6002";"805,0249";"-268,4246";"817,8393";"-494,9534";"793,8213";"-385,4969";"796,8658";"-271,0713";"788,1003";"-498,7007";"793,8213";"-385,4969";"796,8658";"-271,0713";"788,1003";"-498,7007"
"1,4200";"811,6620";"-381,1648";"803,3139";"-268,6779";"815,0041";"-495,6663";"811,6620";"-381,1648";"803,3139";"-268,6779";"815,0041";"-495,6663";"792,0816";"-385,2915";"795,1490";"-270,7811";"786,6035";"-498,6129";"792,0816";"-385,2915";"795,1490";"-270,7811";"786,6035";"-498,6129"
"1,4400";"809,2251";"-381,7895";"801,6334";"-269,0512";"811,8646";"-496,6699";"809,2251";"-381,7895";"801,6334";"-269,0512";"811,8646";"-496,6699";"790,4222";"-385,2289";"793,5756";"-270,6178";"785,2217";"-498,5376";"790,4222";"-385,2289";"793,5756";"-270,6178";"785,2217";"-498,5376"
"1,4600";"806,6425";"-382,4561";"799,8226";"-269,5879";"808,9578";"-497,4995";"806,6425";"-382,4561";"799,8226";"-269,5879";"808,9578";"-497,4995";"788,9044";"-384,9143";"791,8248";"-270,4198";"783,6471";"-498,4283";"788,9044";"-384,9143";"791,8248";"-270,4198";"783,6471";"-498,4283"
"1,4800";"803,8957";"-383,2752";"798,3258";"-269,8313";"805,6949";"-498,1587";"803,8957";"-383,2752";"798,3258";"-269,8313";"805,6949";"-498,1587";"787,3844";"-384,6897";"789,9912";"-270,1271";"782,1735";"-498,3217";"787,3844";"-384,6897";"789,9912";"-270,1271";"782,1735";"-498,3217"
"1,5000";"799,4004";"-384,6486";"796,5997";"-270,1575";"801,2852";"-499,3696";"799,4004";"-384,6486";"796,5997";"-270,1575";"801,2852";"-499,3696";"785,6082";"-384,5733";"788,4301";"-269,7966";"780,6753";"-498,2032";"785,6082";"-384,5733";"788,4301";"-269,7966";"780,6753";"-498,2032"
"1,5200";"798,1464";"-384,7854";"794,8081";"-270,4537";"800,1225";"-499,5019";"798,1464";"-384,7854";"794,8081";"-270,4537";"800,1225";"-499,5019";"783,9370";"-384,3325";"786,6498";"-269,5647";"779,1276";"-498,0661";"783,9370";"-384,3325";"786,6498";"-269,5647";"779,1276";"-498,0661"
"1,5400";"796,9472";"-384,9968";"793,0917";"-270,6953";"799,0538";"-499,4225";"796,9472";"-384,9968";"793,0917";"-270,6953";"799,0538";"-499,4225";"782,2731";"-384,0463";"785,0063";"-269,3014";"777,5572";"-498,0212";"782,2731";"-384,0463";"785,0063";"-269,3014";"777,5572";"-498,0212"
"1,5600";"795,5797";"-385,1127";"791,5390";"-270,6637";"797,9295";"-499,5276";"795,5797";"-385,1127";"791,5390";"-270,6637";"797,9295";"-499,5276";"780,4746";"-383,9523";"783,4752";"-269,1851";"776,1965";"-497,8976";"780,4746";"-383,9523";"783,4752";"-269,1851";"776,1965";"-497,8976"
"1,5800";"794,2698";"-385,1350";"789,7980";"-270,7404";"796,7956";"-499,5756";"794,2698";"-385,1350";"789,7980";"-270,7404";"796,7956";"-499,5756";"778,7409";"-383,8110";"781,8045";"-269,1441";"774,7092";"-497,9255";"778,7409";"-383,8110";"781,8045";"-269,1441";"774,7092";"-497,9255"
"1,6000";"792,8951";"-384,9640";"787,9065";"-271,0649";"795,6006";"-499,6463";"792,8951";"-384,9640";"787,9065";"-271,0649";"795,6006";"-499,6463";"777,2157";"-383,5321";"779,9352";"-269,0254";"773,2120";"-497,9479";"777,2157";"-383,5321";"779,9352";"-269,0254";"773,2120";"-497,9479"
"1,6200";"791,5542";"-385,1484";"786,3297";"-271,3168";"794,5569";"-499,6269";"791,5542";"-385,1484";"786,3297";"-271,3168";"794,5569";"-499,6269";"775,5485";"-383,5137";"778,3122";"-268,8510";"771,8098";"-497,9770";"775,5485";"-383,5137";"778,3122";"-268,8510";"771,8098";"-497,9770"
"1,6400";"789,9451";"-385,0943";"784,7500";"-271,6017";"793,3306";"-499,6524";"789,9451";"-385,0943";"784,7500";"-271,6017";"793,3306";"-499,6524";"773,7866";"-383,2414";"776,6238";"-268,6058";"770,4360";"-497,9103";"773,7866";"-383,2414";"776,6238";"-268,6058";"770,4360";"-497,9103"
"1,6600";"788,5910";"-385,1239";"782,9036";"-271,9518";"791,9962";"-499,6792";"788,5910";"-385,1239";"782,9036";"-271,9518";"791,9962";"-499,6792";"772,1609";"-383,0346";"774,8898";"-268,3689";"769,0053";"-497,8419";"772,1609";"-383,0346";"774,8898";"-268,3689";"769,0053";"-497,8419"
"1,6800";"787,1735";"-385,0961";"781,2068";"-272,3589";"790,8341";"-499,8111";"787,1735";"-385,0961";"781,2068";"-272,3589";"790,8341";"-499,8111";"770,4265";"-382,9005";"773,2123";"-268,1465";"767,6459";"-497,8294";"770,4265";"-382,9005";"773,2123";"-268,1465";"767,6459";"-497,8294"
"1,7000";"785,6844";"-385,3076";"779,6571";"-272,5974";"789,5538";"-499,8137";"785,6844";"-385,3076";"779,6571";"-272,5974";"789,5538";"-499,8137";"768,6472";"-382,7219";"771,4862";"-268,0898";"766,1910";"-497,6846";"768,6472";"-382,7219";"771,4862";"-268,0898";"766,1910";"-497,6846"
"1,7200";"784,3231";"-385,2536";"777,9446";"-272,8984";"788,0331";"-499,6727";"784,3231";"-385,2536";"777,9446";"-272,8984";"788,0331";"-499,6727";"766,7591";"-382,5236";"769,8962";"-267,9983";"764,7032";"-497,5160";"766,7591";"-382,5236";"769,8962";"-267,9983";"764,7032";"-497,5160"
"1,7400";"782,9270";"-385,1938";"776,1141";"-273,0532";"786,6955";"-499,6424";"782,9270";"-385,1938";"776,1141";"-273,0532";"786,6955";"-499,6424";"760,2558";"-380,1302";"767,9920";"-268,0813";"756,4434";"-494,3728";"760,2558";"-380,1302";"767,9920";"-268,0813";"756,4434";"-494,3728"
"1,7600";"781,4561";"-385,1608";"774,5333";"-273,1022";"785,3714";"-499,4604";"781,4561";"-385,1608";"774,5333";"-273,1022";"785,3714";"-499,4604";"754,6905";"-376,4602";"766,3027";"-267,9780";"749,9353";"-490,1091";"754,6905";"-376,4602";"766,3027";"-267,9780";"749,9353";"-490,1091"
"1,7800";"779,9784";"-385,0588";"772,7538";"-273,0457";"783,7416";"-499,2919";"779,9784";"-385,0588";"772,7538";"-273,0457";"783,7416";"-499,2919";"749,5466";"-371,3618";"764,6931";"-267,8252";"743,6535";"-484,5582";"749,5466";"-371,3618";"764,6931";"-267,8252";"743,6535";"-484,5582"
"1,8000";"778,6695";"-384,9981";"771,1591";"-272,8127";"782,2490";"-499,1048";"778,6695";"-384,9981";"771,1591";"-272,8127";"782,2490";"-499,1048";"744,5113";"-365,3979";"763,0441";"-267,5704";"737,8140";"-477,9775";"744,5113";"-365,3979";"763,0441";"-267,5704";"737,8140";"-477,9775"
"1,8200";"776,9719";"-385,1182";"769,3714";"-272,6647";"780,9010";"-499,2203";"776,9719";"-385,1182";"769,3714";"-272,6647";"780,9010";"-499,2203";"740,2280";"-358,7223";"761,1331";"-267,6023";"732,3319";"-470,7661";"740,2280";"-358,7223";"761,1331";"-267,6023";"732,3319";"-470,7661"
"1,8400";"775,2666";"-385,0751";"767,7483";"-272,6374";"779,3203";"-499,1495";"775,2666";"-385,0751";"767,7483";"-272,6374";"779,3203";"-499,1495";"736,1919";"-351,6392";"759,5928";"-267,3536";"727,3691";"-463,2003";"736,1919";"-351,6392";"759,5928";"-267,3536";"727,3691";"-463,2003"
"1,8600";"768,9873";"-387,5010";"766,1128";"-272,6779";"773,2174";"-501,5513";"768,9873";"-387,5010";"766,1128";"-272,6779";"773,2174";"-501,5513";"732,5262";"-344,6620";"757,8705";"-267,4375";"722,9037";"-455,5397";"732,5262";"-344,6620";"757,8705";"-267,4375";"722,9037";"-455,5397"
"1,8800";"767,4121";"-387,5997";"764,4137";"-272,8777";"771,6437";"-501,5588";"767,4121";"-387,5997";"764,4137";"-272,8777";"771,6437";"-501,5588";"729,2253";"-338,1628";"756,1932";"-267,5051";"719,0209";"-448,2111";"729,2253";"-338,1628";"756,1932";"-267,5051";"719,0209";"-448,2111"
"1,9000";"765,5500";"-387,6510";"762,4237";"-273,0078";"769,9372";"-501,6009";"765,5500";"-387,6510";"762,4237";"-273,0078";"769,9372";"-501,6009";"726,2036";"-332,3581";"754,3821";"-267,5362";"715,4369";"-441,7390";"726,2036";"-332,3581";"754,3821";"-267,5362";"715,4369";"-441,7390"
"1,9200";"763,8999";"-387,4390";"760,7157";"-272,9033";"768,1927";"-501,4686";"763,8999";"-387,4390";"760,7157";"-272,9033";"768,1927";"-501,4686";"723,4557";"-327,3687";"752,7597";"-267,5388";"712,4910";"-436,3236";"723,4557";"-327,3687";"752,7597";"-267,5388";"712,4910";"-436,3236"
"1,9400";"762,3873";"-387,5462";"758,9219";"-272,8344";"766,5169";"-501,3294";"762,3873";"-387,5462";"758,9219";"-272,8344";"766,5169";"-501,3294";"721,0369";"-323,5875";"750,9308";"-267,6385";"709,7642";"-431,9575";"721,0369";"-323,5875";"750,9308";"-267,6385";"709,7642";"-431,9575"
"1,9600";"760,5259";"-387,3747";"757,0663";"-272,8017";"764,7624";"-501,4049";"760,5259";"-387,3747";"757,0663";"-272,8017";"764,7624";"-501,4049";"719,0912";"-320,9758";"749,0803";"-267,6365";"707,3492";"-429,4328";"719,0912";"-320,9758";"749,0803";"-267,6365";"707,3492";"-429,4328"
"1,9800";"758,7247";"-387,3866";"755,4091";"-272,5373";"763,1942";"-501,4244";"758,7247";"-387,3866";"755,4091";"-272,5373";"763,1942";"-501,4244";"717,0455";"-319,8060";"747,2491";"-267,7591";"705,2510";"-428,3037";"717,0455";"-319,8060";"747,2491";"-267,7591";"705,2510";"-428,3037"
"2,0000";"757,0231";"-387,1259";"753,8155";"-272,4510";"761,6596";"-501,2472";"757,0231";"-387,1259";"753,8155";"-272,4510";"761,6596";"-501,2472";"715,4756";"-320,0493";"745,6496";"-267,7997";"703,5832";"-428,6552";"715,4756";"-320,0493";"745,6496";"-267,7997";"703,5832";"-428,6552"
"2,0200";"755,4135";"-386,9843";"752,2590";"-272,4262";"760,1503";"-500,9602";"755,4135";"-386,9843";"752,2590";"-272,4262";"760,1503";"-500,9602";"714,0491";"-321,8840";"744,0412";"-267,9332";"702,2929";"-430,3913";"714,0491";"-321,8840";"744,0412";"-267,9332";"702,2929";"-430,3913"
"2,0400";"753,4457";"-386,6905";"750,6645";"-272,2243";"758,5144";"-500,8760";"753,4457";"-386,6905";"750,6645";"-272,2243";"758,5144";"-500,8760";"712,9366";"-324,9824";"742,4884";"-268,1030";"701,1647";"-433,7699";"712,9366";"-324,9824";"742,4884";"-268,1030";"701,1647";"-433,7699"
"2,0600";"752,0533";"-386,6471";"748,8793";"-271,9661";"756,6801";"-500,6244";"752,0533";"-386,6471";"748,8793";"-271,9661";"756,6801";"-500,6244";"711,7895";"-329,3291";"740,8071";"-268,2107";"700,6516";"-438,2761";"711,7895";"-329,3291";"740,8071";"-268,2107";"700,6516";"-438,2761"
"2,0800";"750,3480";"-386,4090";"747,2626";"-271,8489";"755,0088";"-500,2960";"750,3480";"-386,4090";"747,2626";"-271,8489";"755,0088";"-500,2960";"711,0922";"-334,6689";"739,1411";"-268,2428";"700,5654";"-444,1556";"711,0922";"-334,6689";"739,1411";"-268,2428";"700,5654";"-444,1556"
"2,1000";"748,6550";"-386,2953";"745,4979";"-271,6778";"753,2432";"-500,2743";"748,6550";"-386,2953";"745,4979";"-271,6778";"753,2432";"-500,2743";"710,8018";"-340,7389";"737,4254";"-268,4989";"700,9021";"-451,0486";"710,8018";"-340,7389";"737,4254";"-268,4989";"700,9021";"-451,0486"
"2,1200";"746,5767";"-386,0465";"743,6121";"-271,4891";"751,3717";"-500,4100";"746,5767";"-386,0465";"743,6121";"-271,4891";"751,3717";"-500,4100";"710,6493";"-347,4179";"735,8253";"-268,6885";"701,7162";"-458,5812";"710,6493";"-347,4179";"735,8253";"-268,6885";"701,7162";"-458,5812"
"2,1400";"744,9006";"-385,9501";"741,9065";"-271,3516";"749,6666";"-500,2712";"744,9006";"-385,9501";"741,9065";"-271,3516";"749,6666";"-500,2712";"710,9385";"-354,4737";"734,1314";"-268,9966";"703,1400";"-466,4532";"710,9385";"-354,4737";"734,1314";"-268,9966";"703,1400";"-466,4532"
"2,1600";"742,9207";"-385,6294";"740,3238";"-271,1698";"748,0991";"-500,0626";"742,9207";"-385,6294";"740,3238";"-271,1698";"748,0991";"-500,0626";"711,7149";"-361,3810";"732,4851";"-269,1351";"704,7905";"-474,2359";"711,7149";"-361,3810";"732,4851";"-269,1351";"704,7905";"-474,2359"
"2,1800";"741,1250";"-385,3731";"738,4839";"-271,0401";"746,1170";"-499,7765";"741,1250";"-385,3731";"738,4839";"-271,0401";"746,1170";"-499,7765";"713,1464";"-367,9760";"730,9021";"-269,4435";"706,9186";"-481,5563";"713,1464";"-367,9760";"730,9021";"-269,4435";"706,9186";"-481,5563"
"2,2000";"739,5365";"-385,2048";"736,8000";"-270,7930";"744,2095";"-499,5446";"739,5365";"-385,2048";"736,8000";"-270,7930";"744,2095";"-499,5446";"714,6030";"-373,9576";"729,2129";"-269,8396";"709,4276";"-487,8565";"714,6030";"-373,9576";"729,2129";"-269,8396";"709,4276";"-487,8565"
"2,2200";"737,9948";"-385,0481";"735,3040";"-270,5569";"742,3443";"-499,2406";"737,9948";"-385,0481";"735,3040";"-270,5569";"742,3443";"-499,2406";"716,7251";"-378,7587";"727,2565";"-270,0200";"712,1539";"-493,1736";"716,7251";"-378,7587";"727,2565";"-270,0200";"712,1539";"-493,1736"
"2,2400";"736,4803";"-384,6263";"733,5703";"-270,2653";"740,4902";"-498,9228";"736,4803";"-384,6263";"733,5703";"-270,2653";"740,4902";"-498,9228";"718,9483";"-382,0452";"725,3594";"-270,1360";"715,1939";"-497,2131";"718,9483";"-382,0452";"725,3594";"-270,1360";"715,1939";"-497,2131"
"2,2600";"734,8709";"-384,4799";"731,8681";"-269,9139";"738,3188";"-498,6173";"734,8709";"-384,4799";"731,8681";"-269,9139";"738,3188";"-498,6173";"720,8629";"-384,0680";"723,8142";"-270,4650";"718,6317";"-499,5643";"720,8629";"-384,0680";"723,8142";"-270,4650";"718,6317";"-499,5643"
"2,2800";"733,1372";"-384,1929";"730,2350";"-269,5252";"736,4427";"-498,6680";"733,1372";"-384,1929";"730,2350";"-269,5252";"736,4427";"-498,6680";"718,7058";"-384,2543";"721,9266";"-270,5527";"716,0936";"-499,4353";"718,7058";"-384,2543";"721,9266";"-270,5527";"716,0936";"-499,4353"
"2,3000";"731,1791";"-383,8843";"728,4709";"-269,1949";"734,6621";"-498,5261";"731,1791";"-383,8843";"728,4709";"-269,1949";"734,6621";"-498,5261";"716,5571";"-384,4265";"720,0351";"-270,2551";"713,6363";"-499,4531";"716,5571";"-384,4265";"720,0351";"-270,2551";"713,6363";"-499,4531"
"2,3200";"729,5809";"-383,5955";"726,7039";"-268,9039";"732,8751";"-498,2252";"729,5809";"-383,5955";"726,7039";"-268,9039";"732,8751";"-498,2252";"714,3180";"-384,5853";"718,5548";"-270,4983";"711,1079";"-499,3027";"714,3180";"-384,5853";"718,5548";"-270,4983";"711,1079";"-499,3027"
"2,3400";"727,8697";"-383,3988";"724,9858";"-268,8013";"730,9478";"-498,0272";"727,8697";"-383,3988";"724,9858";"-268,8013";"730,9478";"-498,0272";"712,1118";"-384,7025";"716,9637";"-270,6443";"708,6291";"-499,0700";"712,1118";"-384,7025";"716,9637";"-270,6443";"708,6291";"-499,0700"
"2,3600";"726,0881";"-383,0835";"723,3645";"-268,6679";"729,2712";"-498,0250";"726,0881";"-383,0835";"723,3645";"-268,6679";"729,2712";"-498,0250";"709,8431";"-384,6694";"715,2538";"-270,7288";"706,1721";"-498,8475";"709,8431";"-384,6694";"715,2538";"-270,7288";"706,1721";"-498,8475"
"2,3800";"724,5529";"-382,7484";"721,6559";"-268,5743";"727,5033";"-497,8035";"724,5529";"-382,7484";"721,6559";"-268,5743";"727,5033";"-497,8035";"707,5877";"-384,5224";"713,6904";"-271,1188";"703,9875";"-498,9888";"707,5877";"-384,5224";"713,6904";"-271,1188";"703,9875";"-498,9888"
"2,4000";"722,9499";"-382,5268";"720,2120";"-268,3619";"725,6194";"-497,5212";"722,9499";"-382,5268";"720,2120";"-268,3619";"725,6194";"-497,5212";"705,4900";"-384,4350";"712,2038";"-271,6400";"701,7088";"-498,8056";"705,4900";"-384,4350";"712,2038";"-271,6400";"701,7088";"-498,8056"
"2,4200";"721,2676";"-382,3021";"718,5527";"-268,2227";"723,8157";"-497,4153";"721,2676";"-382,3021";"718,5527";"-268,2227";"723,8157";"-497,4153";"703,4188";"-384,4246";"710,4011";"-271,7616";"699,3705";"-498,7078";"703,4188";"-384,4246";"710,4011";"-271,7616";"699,3705";"-498,7078"
"2,4400";"719,5316";"-382,1884";"716,8871";"-268,0069";"721,9762";"-497,2172";"719,5316";"-382,1884";"716,8871";"-268,0069";"721,9762";"-497,2172";"701,4017";"-384,4712";"708,5781";"-271,8503";"697,0733";"-498,5481";"701,4017";"-384,4712";"708,5781";"-271,8503";"697,0733";"-498,5481"
"2,4600";"717,9493";"-382,1614";"715,0719";"-267,8839";"720,0210";"-496,8362";"717,9493";"-382,1614";"715,0719";"-267,8839";"720,0210";"-496,8362";"699,5069";"-384,5066";"706,8255";"-272,0391";"694,7131";"-498,4204";"699,5069";"-384,5066";"706,8255";"-272,0391";"694,7131";"-498,4204"
"2,4800";"718,1481";"-381,3246";"713,2742";"-267,6923";"719,7273";"-495,8798";"718,1481";"-381,3246";"713,2742";"-267,6923";"719,7273";"-495,8798";"697,6519";"-384,4218";"705,1873";"-272,0444";"692,3735";"-498,0777";"697,6519";"-384,4218";"705,1873";"-272,0444";"692,3735";"-498,0777"
"2,5000";"717,4552";"-380,8058";"711,3465";"-267,6247";"719,3679";"-495,2778";"717,4552";"-380,8058";"711,3465";"-267,6247";"719,3679";"-495,2778";"695,6193";"-384,3017";"703,4300";"-272,1217";"690,0419";"-497,8114";"695,6193";"-384,3017";"703,4300";"-272,1217";"690,0419";"-497,8114"
"2,5200";"716,5397";"-380,3064";"709,7415";"-267,3819";"719,0137";"-494,7705";"716,5397";"-380,3064";"709,7415";"-267,3819";"719,0137";"-494,7705";"693,7440";"-384,1915";"701,7598";"-272,1320";"688,0307";"-497,6963";"693,7440";"-384,1915";"701,7598";"-272,1320";"688,0307";"-497,6963"
"2,5400";"715,7307";"-379,8104";"708,0712";"-267,0907";"718,6263";"-494,2425";"715,7307";"-379,8104";"708,0712";"-267,0907";"718,6263";"-494,2425";"691,7328";"-383,9671";"700,3132";"-272,3812";"685,8849";"-497,4539";"691,7328";"-383,9671";"700,3132";"-272,3812";"685,8849";"-497,4539"
"2,5600";"714,7727";"-379,2319";"706,3926";"-267,0336";"718,2096";"-493,7685";"714,7727";"-379,2319";"706,3926";"-267,0336";"718,2096";"-493,7685";"689,9384";"-383,8217";"698,5001";"-272,4223";"683,7999";"-497,2187";"689,9384";"-383,8217";"698,5001";"-272,4223";"683,7999";"-497,2187"
"2,5800";"713,8512";"-378,7346";"704,8840";"-266,9572";"717,7821";"-493,1310";"713,8512";"-378,7346";"704,8840";"-266,9572";"717,7821";"-493,1310";"687,9294";"-383,8077";"696,7279";"-272,4193";"681,8277";"-497,0169";"687,9294";"-383,8077";"696,7279";"-272,4193";"681,8277";"-497,0169"
"2,6000";"712,8389";"-378,3190";"703,0961";"-266,8989";"717,2680";"-492,3954";"712,8389";"-378,3190";"703,0961";"-266,8989";"717,2680";"-492,3954";"691,8788";"-387,0165";"694,9811";"-272,4800";"685,6228";"-500,2668";"691,8788";"-387,0165";"694,9811";"-272,4800";"685,6228";"-500,2668"
"2,6200";"711,7136";"-377,7602";"701,1831";"-267,0053";"716,4533";"-491,7703";"711,7136";"-377,7602";"701,1831";"-267,0053";"716,4533";"-491,7703";"690,0144";"-386,8438";"693,1072";"-272,5778";"683,9001";"-500,1017";"690,0144";"-386,8438";"693,1072";"-272,5778";"683,9001";"-500,1017"
"2,6400";"710,5282";"-377,2678";"699,4225";"-267,1043";"715,6175";"-491,0994";"710,5282";"-377,2678";"699,4225";"-267,1043";"715,6175";"-491,0994";"688,4190";"-386,8719";"691,1621";"-272,5821";"682,1914";"-500,2104";"688,4190";"-386,8719";"691,1621";"-272,5821";"682,1914";"-500,2104"
"2,6600";"709,2397";"-376,9737";"697,5429";"-267,1134";"714,6818";"-490,5903";"709,2397";"-376,9737";"697,5429";"-267,1134";"714,6818";"-490,5903";"686,7736";"-386,8843";"689,5189";"-272,6072";"680,4951";"-500,2361";"686,7736";"-386,8843";"689,5189";"-272,6072";"680,4951";"-500,2361"
"2,6800";"707,9706";"-376,7983";"695,8705";"-267,0645";"713,5490";"-490,2393";"707,9706";"-376,7983";"695,8705";"-267,0645";"713,5490";"-490,2393";"685,1621";"-386,8630";"687,9653";"-272,6118";"678,7069";"-500,1670";"685,1621";"-386,8630";"687,9653";"-272,6118";"678,7069";"-500,1670"
"2,7000";"706,5419";"-376,7130";"694,4524";"-267,0866";"712,3362";"-490,1000";"706,5419";"-376,7130";"694,4524";"-267,0866";"712,3362";"-490,1000";"683,7075";"-386,7775";"686,3575";"-272,5346";"677,0661";"-500,0931";"683,7075";"-386,7775";"686,3575";"-272,5346";"677,0661";"-500,0931"
"2,7200";"705,0101";"-376,8297";"692,7828";"-267,1617";"711,0014";"-489,8662";"705,0101";"-376,8297";"692,7828";"-267,1617";"711,0014";"-489,8662";"682,1897";"-386,8294";"684,8683";"-272,2697";"675,2771";"-499,9652";"682,1897";"-386,8294";"684,8683";"-272,2697";"675,2771";"-499,9652"
"2,7400";"703,4352";"-376,8153";"691,1026";"-267,3169";"709,4727";"-489,9592";"703,4352";"-376,8153";"691,1026";"-267,3169";"709,4727";"-489,9592";"680,4633";"-386,8164";"683,3727";"-272,0878";"673,7244";"-499,8093";"680,4633";"-386,8164";"683,3727";"-272,0878";"673,7244";"-499,8093"
"2,7600";"701,6260";"-376,8324";"689,5958";"-267,4536";"707,7349";"-490,1558";"701,6260";"-376,8324";"689,5958";"-267,4536";"707,7349";"-490,1558";"678,6598";"-386,5276";"681,7471";"-272,0938";"672,0134";"-499,5749";"678,6598";"-386,5276";"681,7471";"-272,0938";"672,0134";"-499,5749"
"2,7800";"699,6120";"-377,1155";"687,8700";"-267,4924";"705,6957";"-490,4544";"699,6120";"-377,1155";"687,8700";"-267,4924";"705,6957";"-490,4544";"676,9516";"-386,3568";"679,8479";"-271,8700";"670,3472";"-499,5000";"676,9516";"-386,3568";"679,8479";"-271,8700";"670,3472";"-499,5000"
"2,8000";"697,5290";"-377,4188";"686,1231";"-267,7816";"703,6392";"-490,9908";"697,5290";"-377,4188";"686,1231";"-267,7816";"703,6392";"-490,9908";"675,0300";"-386,2734";"678,0777";"-271,6251";"668,6863";"-499,4137";"675,0300";"-386,2734";"678,0777";"-271,6251";"668,6863";"-499,4137"
"2,8200";"695,5245";"-377,8535";"684,4678";"-267,8311";"701,3500";"-491,6247";"695,5245";"-377,8535";"684,4678";"-267,8311";"701,3500";"-491,6247";"673,2120";"-386,1030";"676,3813";"-271,6286";"667,0157";"-499,2513";"673,2120";"-386,1030";"676,3813";"-271,6286";"667,0157";"-499,2513"
"2,8400";"693,3007";"-378,5526";"682,9610";"-267,9410";"698,9262";"-492,3729";"693,3007";"-378,5526";"682,9610";"-267,9410";"698,9262";"-492,3729";"671,4463";"-385,8894";"674,6472";"-271,4633";"665,2435";"-499,1051";"671,4463";"-385,8894";"674,6472";"-271,4633";"665,2435";"-499,1051"
"2,8600";"691,0971";"-379,3862";"681,2007";"-268,0088";"696,3481";"-493,2197";"691,0971";"-379,3862";"681,2007";"-268,0088";"696,3481";"-493,2197";"669,6543";"-385,8881";"672,9487";"-271,1821";"663,5665";"-499,0512";"669,6543";"-385,8881";"672,9487";"-271,1821";"663,5665";"-499,0512"
"2,8800";"688,8125";"-380,0507";"679,3655";"-268,2550";"693,5583";"-494,1321";"688,8125";"-380,0507";"679,3655";"-268,2550";"693,5583";"-494,1321";"667,7639";"-385,6966";"671,3607";"-271,0871";"661,8908";"-498,8409";"667,7639";"-385,6966";"671,3607";"-271,0871";"661,8908";"-498,8409"
"2,9000";"686,5451";"-380,6140";"677,6361";"-268,4043";"690,6100";"-494,9546";"686,5451";"-380,6140";"677,6361";"-268,4043";"690,6100";"-494,9546";"666,1867";"-385,7078";"669,6553";"-270,9064";"660,3674";"-498,7101";"666,1867";"-385,7078";"669,6553";"-270,9064";"660,3674";"-498,7101"
"2,9200";"684,0874";"-381,4437";"675,9617";"-268,7143";"687,5941";"-495,8355";"684,0874";"-381,4437";"675,9617";"-268,7143";"687,5941";"-495,8355";"664,4770";"-385,3557";"667,8020";"-270,6844";"658,8271";"-498,6396";"664,4770";"-385,3557";"667,8020";"-270,6844";"658,8271";"-498,6396"
"2,9400";"681,5584";"-382,1085";"674,1203";"-268,8557";"684,5773";"-496,6078";"681,5584";"-382,1085";"674,1203";"-268,8557";"684,5773";"-496,6078";"662,8256";"-385,1182";"665,9236";"-270,4599";"657,2344";"-498,3351";"662,8256";"-385,1182";"665,9236";"-270,4599";"657,2344";"-498,3351"
"2,9600";"678,9598";"-382,7714";"672,4916";"-269,3037";"681,4477";"-497,4288";"678,9598";"-382,7714";"672,4916";"-269,3037";"681,4477";"-497,4288";"661,1020";"-385,0030";"664,1874";"-270,2702";"655,9080";"-498,3318";"661,1020";"-385,0030";"664,1874";"-270,2702";"655,9080";"-498,3318"
"2,9800";"676,2848";"-383,3399";"670,9101";"-269,5961";"678,2505";"-498,2550";"676,2848";"-383,3399";"670,9101";"-269,5961";"678,2505";"-498,2550";"659,6238";"-384,8646";"662,5069";"-270,1331";"654,5015";"-498,2360";"659,6238";"-384,8646";"662,5069";"-270,1331";"654,5015";"-498,2360"
"3,0000";"671,6255";"-384,7471";"669,2454";"-269,8818";"673,8573";"-499,5709";"671,6255";"-384,7471";"669,2454";"-269,8818";"673,8573";"-499,5709";"657,9829";"-384,4892";"660,8159";"-269,9222";"652,9435";"-498,1888";"657,9829";"-384,4892";"660,8159";"-269,9222";"652,9435";"-498,1888"
"3,0200";"670,1912";"-384,6965";"667,5924";"-270,0527";"672,6439";"-499,6684";"670,1912";"-384,6965";"667,5924";"-270,0527";"672,6439";"-499,6684";"656,2408";"-384,6367";"659,2550";"-269,7363";"651,5124";"-498,2560";"656,2408";"-384,6367";"659,2550";"-269,7363";"651,5124";"-498,2560"
"3,0400";"668,7974";"-384,8826";"665,8582";"-270,4595";"671,2976";"-499,6197";"668,7974";"-384,8826";"665,8582";"-270,4595";"671,2976";"-499,6197";"654,6713";"-384,6544";"657,6838";"-269,6233";"650,0318";"-498,3648";"654,6713";"-384,6544";"657,6838";"-269,6233";"650,0318";"-498,3648"
"3,0600";"667,5349";"-384,7326";"664,2510";"-270,6802";"670,1493";"-499,6191";"667,5349";"-384,7326";"664,2510";"-270,6802";"670,1493";"-499,6191";"653,0682";"-384,2909";"655,9152";"-269,4398";"648,6466";"-498,3145";"653,0682";"-384,2909";"655,9152";"-269,4398";"648,6466";"-498,3145"
"3,0800";"666,3092";"-384,7912";"662,4158";"-270,8347";"669,0252";"-499,5153";"666,3092";"-384,7912";"662,4158";"-270,8347";"669,0252";"-499,5153";"651,1968";"-383,9811";"654,1153";"-269,1005";"647,1520";"-498,2553";"651,1968";"-383,9811";"654,1153";"-269,1005";"647,1520";"-498,2553"
"3,1000";"665,1209";"-384,7217";"660,7673";"-271,1127";"667,8621";"-499,7562";"665,1209";"-384,7217";"660,7673";"-271,1127";"667,8621";"-499,7562";"649,5089";"-383,8601";"652,5536";"-268,9544";"645,7036";"-497,9795";"649,5089";"-383,8601";"652,5536";"-268,9544";"645,7036";"-497,9795"
"3,1200";"663,9774";"-384,8546";"659,0258";"-271,2610";"666,6542";"-499,8457";"663,9774";"-384,8546";"659,0258";"-271,2610";"666,6542";"-499,8457";"647,9315";"-383,4209";"650,7771";"-268,7836";"644,2695";"-497,6779";"647,9315";"-383,4209";"650,7771";"-268,7836";"644,2695";"-497,6779"
"3,1400";"662,6550";"-384,8453";"657,3569";"-271,4688";"665,6188";"-499,8830";"662,6550";"-384,8453";"657,3569";"-271,4688";"665,6188";"-499,8830";"646,0758";"-383,0019";"649,1317";"-268,4507";"642,9149";"-497,4214";"646,0758";"-383,0019";"649,1317";"-268,4507";"642,9149";"-497,4214"
"3,1600";"661,1565";"-385,0493";"655,4525";"-271,5438";"664,1747";"-499,8458";"661,1565";"-385,0493";"655,4525";"-271,5438";"664,1747";"-499,8458";"644,2775";"-382,8332";"647,3297";"-268,3481";"641,5297";"-497,2710";"644,2775";"-382,8332";"647,3297";"-268,3481";"641,5297";"-497,2710"
"3,1800";"659,9152";"-385,2873";"653,6870";"-271,8208";"663,0187";"-499,7606";"659,9152";"-385,2873";"653,6870";"-271,8208";"663,0187";"-499,7606";"642,6579";"-382,8378";"645,7212";"-268,1673";"640,1467";"-497,1219";"642,6579";"-382,8378";"645,7212";"-268,1673";"640,1467";"-497,1219"
"3,2000";"658,4515";"-385,4204";"651,7574";"-271,9501";"661,7823";"-499,4612";"658,4515";"-385,4204";"651,7574";"-271,9501";"661,7823";"-499,4612";"640,7989";"-382,5183";"644,0605";"-268,0670";"638,9037";"-497,0997";"640,7989";"-382,5183";"644,0605";"-268,0670";"638,9037";"-497,0997"
"3,2200";"657,0673";"-385,5080";"650,1362";"-272,2245";"660,6744";"-499,3380";"657,0673";"-385,5080";"650,1362";"-272,2245";"660,6744";"-499,3380";"638,9713";"-382,4062";"642,3190";"-267,8187";"637,5826";"-497,1925";"638,9713";"-382,4062";"642,3190";"-267,8187";"637,5826";"-497,1925"
"3,2400";"655,6309";"-385,5204";"648,3546";"-272,4167";"659,3849";"-499,3485";"655,6309";"-385,5204";"648,3546";"-272,4167";"659,3849";"-499,3485";"632,4929";"-379,9570";"640,4162";"-267,8101";"629,3124";"-494,1838";"632,4929";"-379,9570";"640,4162";"-267,8101";"629,3124";"-494,1838"
"3,2600";"654,2441";"-385,6412";"646,6997";"-272,5353";"658,1616";"-499,3421";"654,2441";"-385,6412";"646,6997";"-272,5353";"658,1616";"-499,3421";"627,0955";"-376,2812";"638,8980";"-267,7749";"622,9403";"-490,0692";"627,0955";"-376,2812";"638,8980";"-267,7749";"622,9403";"-490,0692"
"3,2800";"652,5228";"-385,5843";"645,1274";"-272,7069";"656,9633";"-499,3583";"652,5228";"-385,5843";"645,1274";"-272,7069";"656,9633";"-499,3583";"621,8634";"-371,1114";"637,1696";"-267,8086";"616,6851";"-484,6023";"621,8634";"-371,1114";"637,1696";"-267,8086";"616,6851";"-484,6023"
"3,3000";"650,9877";"-385,5095";"643,3279";"-272,8523";"655,5085";"-499,2826";"650,9877";"-385,5095";"643,3279";"-272,8523";"655,5085";"-499,2826";"617,1439";"-365,2443";"635,3290";"-267,8548";"610,8266";"-478,3218";"617,1439";"-365,2443";"635,3290";"-267,8548";"610,8266";"-478,3218"
"3,3200";"649,3816";"-385,4282";"641,7297";"-272,9714";"653,9451";"-499,0936";"649,3816";"-385,4282";"641,7297";"-272,9714";"653,9451";"-499,0936";"612,7318";"-358,6717";"633,6829";"-267,8165";"605,2911";"-470,9351";"612,7318";"-358,6717";"633,6829";"-267,8165";"605,2911";"-470,9351"
"3,3400";"647,6838";"-385,4647";"640,1902";"-272,8677";"652,2968";"-499,2782";"647,6838";"-385,4647";"640,1902";"-272,8677";"652,2968";"-499,2782";"608,7304";"-351,6471";"632,2509";"-267,7268";"600,1926";"-463,3190";"608,7304";"-351,6471";"632,2509";"-267,7268";"600,1926";"-463,3190"
"3,3600";"641,4227";"-387,6949";"638,5559";"-273,1642";"646,0466";"-501,4338";"641,4227";"-387,6949";"638,5559";"-273,1642";"646,0466";"-501,4338";"604,9844";"-344,7319";"630,5116";"-267,5113";"595,4835";"-455,4910";"604,9844";"-344,7319";"630,5116";"-267,5113";"595,4835";"-455,4910"
"3,3800";"639,7942";"-387,5987";"636,8233";"-273,1138";"644,2807";"-501,4418";"639,7942";"-387,5987";"636,8233";"-273,1138";"644,2807";"-501,4418";"601,6508";"-338,2343";"628,8146";"-267,5485";"591,3850";"-448,3348";"601,6508";"-338,2343";"628,8146";"-267,5485";"591,3850";"-448,3348"
"3,4000";"638,1731";"-387,5868";"635,3700";"-273,1319";"642,5813";"-501,2058";"638,1731";"-387,5868";"635,3700";"-273,1319";"642,5813";"-501,2058";"598,6393";"-332,4086";"627,1401";"-267,4627";"587,7361";"-441,7265";"598,6393";"-332,4086";"627,1401";"-267,4627";"587,7361";"-441,7265"
"3,4200";"636,4852";"-387,4688";"633,4885";"-273,0473";"640,9391";"-501,1254";"636,4852";"-387,4688";"633,4885";"-273,0473";"640,9391";"-501,1254";"595,9023";"-327,5767";"625,3904";"-267,5092";"584,6255";"-436,3798";"595,9023";"-327,5767";"625,3904";"-267,5092";"584,6255";"-436,3798"
"3,4400";"634,8559";"-387,2276";"631,6841";"-273,1061";"639,2177";"-500,9433";"634,8559";"-387,2276";"631,6841";"-273,1061";"639,2177";"-500,9433";"593,5144";"-323,7997";"623,4945";"-267,6644";"582,0181";"-432,2237";"593,5144";"-323,7997";"623,4945";"-267,6644";"582,0181";"-432,2237"
"3,4600";"633,0492";"-387,1658";"629,9817";"-272,7744";"637,7050";"-501,1283";"633,0492";"-387,1658";"629,9817";"-272,7744";"637,7050";"-501,1283";"591,5169";"-321,1897";"621,7995";"-267,7712";"579,4896";"-429,6830";"591,5169";"-321,1897";"621,7995";"-267,7712";"579,4896";"-429,6830"
"3,4800";"631,2514";"-386,9577";"628,3506";"-272,7626";"635,8761";"-500,9474";"631,2514";"-386,9577";"628,3506";"-272,7626";"635,8761";"-500,9474";"589,5249";"-319,9595";"620,0738";"-267,6865";"577,6659";"-428,4174";"589,5249";"-319,9595";"620,0738";"-267,6865";"577,6659";"-428,4174"
"3,5000";"629,4307";"-386,8484";"626,6237";"-272,5083";"634,2862";"-501,0436";"629,4307";"-386,8484";"626,6237";"-272,5083";"634,2862";"-501,0436";"587,7940";"-320,1551";"618,3988";"-267,8040";"575,9531";"-428,7269";"587,7940";"-320,1551";"618,3988";"-267,8040";"575,9531";"-428,7269"
"3,5200";"627,6478";"-386,6676";"624,8586";"-272,3958";"632,4472";"-500,8885";"627,6478";"-386,6676";"624,8586";"-272,3958";"632,4472";"-500,8885";"586,3828";"-321,7245";"616,7456";"-267,9536";"574,5036";"-430,4796";"586,3828";"-321,7245";"616,7456";"-267,9536";"574,5036";"-430,4796"
"3,5400";"625,7813";"-386,6186";"623,0859";"-272,3290";"630,6976";"-500,5734";"625,7813";"-386,6186";"623,0859";"-272,3290";"630,6976";"-500,5734";"584,9780";"-324,7577";"615,1715";"-268,0115";"573,4813";"-433,6929";"584,9780";"-324,7577";"615,1715";"-268,0115";"573,4813";"-433,6929"
"3,5600";"624,1814";"-386,4172";"621,4793";"-272,2699";"628,9401";"-500,4590";"624,1814";"-386,4172";"621,4793";"-272,2699";"628,9401";"-500,4590";"583,9076";"-329,0610";"613,4387";"-268,0466";"573,0332";"-438,2273";"583,9076";"-329,0610";"613,4387";"-268,0466";"573,0332";"-438,2273"
"3,5800";"622,4558";"-386,4882";"619,7343";"-272,0342";"627,3197";"-500,4762";"622,4558";"-386,4882";"619,7343";"-272,0342";"627,3197";"-500,4762";"583,2661";"-334,5989";"611,6943";"-268,2246";"572,8467";"-444,0333";"583,2661";"-334,5989";"611,6943";"-268,2246";"572,8467";"-444,0333"
"3,6000";"620,7439";"-386,3192";"618,0099";"-271,9606";"625,4884";"-500,2768";"620,7439";"-386,3192";"618,0099";"-271,9606";"625,4884";"-500,2768";"582,9860";"-340,9687";"609,8776";"-268,3696";"573,2970";"-450,7757";"582,9860";"-340,9687";"609,8776";"-268,3696";"573,2970";"-450,7757"
"3,6200";"618,9975";"-386,2939";"616,2775";"-271,8877";"623,7555";"-500,3182";"618,9975";"-386,2939";"616,2775";"-271,8877";"623,7555";"-500,3182";"583,0768";"-347,7988";"608,2031";"-268,6236";"574,1320";"-458,3193";"583,0768";"-347,7988";"608,2031";"-268,6236";"574,1320";"-458,3193"
"3,6400";"617,5703";"-386,0851";"614,5859";"-271,4457";"622,1953";"-500,2040";"617,5703";"-386,0851";"614,5859";"-271,4457";"622,1953";"-500,2040";"583,6728";"-354,9118";"606,5369";"-268,6917";"575,4332";"-466,1933";"583,6728";"-354,9118";"606,5369";"-268,6917";"575,4332";"-466,1933"
"3,6600";"615,8409";"-385,7464";"612,7851";"-271,1081";"620,3589";"-500,0318";"615,8409";"-385,7464";"612,7851";"-271,1081";"620,3589";"-500,0318";"584,4901";"-362,0836";"604,9670";"-268,9430";"577,2628";"-474,0465";"584,4901";"-362,0836";"604,9670";"-268,9430";"577,2628";"-474,0465"
"3,6800";"614,2075";"-385,6001";"611,0600";"-270,8955";"618,4041";"-499,6059";"614,2075";"-385,6001";"611,0600";"-270,8955";"618,4041";"-499,6059";"585,6820";"-368,6150";"603,2646";"-269,2235";"579,3631";"-481,5331";"585,6820";"-368,6150";"603,2646";"-269,2235";"579,3631";"-481,5331"
"3,7000";"612,5286";"-385,3819";"609,3926";"-270,4900";"616,6734";"-499,3880";"612,5286";"-385,3819";"609,3926";"-270,4900";"616,6734";"-499,3880";"587,1726";"-374,2203";"601,5390";"-269,4190";"581,9161";"-488,0392";"587,1726";"-374,2203";"601,5390";"-269,4190";"581,9161";"-488,0392"
"3,7200";"610,7755";"-385,0298";"607,7688";"-270,1027";"614,9001";"-499,3245";"610,7755";"-385,0298";"607,7688";"-270,1027";"614,9001";"-499,3245";"588,9353";"-379,0954";"599,8064";"-269,5804";"584,6771";"-493,2884";"588,9353";"-379,0954";"599,8064";"-269,5804";"584,6771";"-493,2884"
"3,7400";"608,9862";"-384,8798";"606,0987";"-270,0047";"612,9692";"-499,2745";"608,9862";"-384,8798";"606,0987";"-270,0047";"612,9692";"-499,2745";"591,0171";"-382,5854";"598,0403";"-269,9011";"587,7629";"-497,1582";"591,0171";"-382,5854";"598,0403";"-269,9011";"587,7629";"-497,1582"
"3,7600";"607,1968";"-384,7295";"604,3927";"-269,9137";"611,0922";"-498,9947";"607,1968";"-384,7295";"604,3927";"-269,9137";"611,0922";"-498,9947";"592,8809";"-384,3652";"596,3102";"-270,0126";"591,0635";"-499,4479";"592,8809";"-384,3652";"596,3102";"-270,0126";"591,0635";"-499,4479"
"3,7800";"605,5814";"-384,0902";"602,6973";"-269,7169";"609,2834";"-498,7703";"605,5814";"-384,0902";"602,6973";"-269,7169";"609,2834";"-498,7703";"590,8043";"-384,5381";"594,7254";"-270,2699";"588,3981";"-499,1956";"590,8043";"-384,5381";"594,7254";"-270,2699";"588,3981";"-499,1956"
"3,8000";"604,0713";"-383,9624";"601,0535";"-269,5735";"607,2760";"-498,4407";"604,0713";"-383,9624";"601,0535";"-269,5735";"607,2760";"-498,4407";"588,6370";"-384,8040";"593,0718";"-270,4829";"585,7541";"-499,2759";"588,6370";"-384,8040";"593,0718";"-270,4829";"585,7541";"-499,2759"
"3,8200";"602,3061";"-383,7158";"599,3332";"-269,3708";"605,5190";"-497,9097";"602,3061";"-383,7158";"599,3332";"-269,3708";"605,5190";"-497,9097";"586,7249";"-384,7084";"591,3484";"-270,5487";"583,6263";"-499,2341";"586,7249";"-384,7084";"591,3484";"-270,5487";"583,6263";"-499,2341"
"3,8400";"600,4870";"-383,3580";"597,7885";"-269,0158";"603,5916";"-497,5929";"600,4870";"-383,3580";"597,7885";"-269,0158";"603,5916";"-497,5929";"584,5737";"-384,7700";"589,5773";"-270,6574";"581,3977";"-499,1703";"584,5737";"-384,7700";"589,5773";"-270,6574";"581,3977";"-499,1703"
"3,8600";"598,9360";"-383,0855";"596,1978";"-268,6716";"601,7775";"-497,3977";"598,9360";"-383,0855";"596,1978";"-268,6716";"601,7775";"-497,3977";"582,4161";"-384,7178";"587,7581";"-271,0539";"578,9762";"-499,1440";"582,4161";"-384,7178";"587,7581";"-271,0539";"578,9762";"-499,1440"
"3,8800";"597,2065";"-382,9623";"594,4312";"-268,4034";"599,9859";"-497,2890";"597,2065";"-382,9623";"594,4312";"-268,4034";"599,9859";"-497,2890";"580,1895";"-384,7151";"585,9828";"-271,1216";"576,6073";"-499,0815";"580,1895";"-384,7151";"585,9828";"-271,1216";"576,6073";"-499,0815"
"3,9000";"595,2572";"-382,7101";"592,5651";"-268,1256";"598,1894";"-497,2735";"595,2572";"-382,7101";"592,5651";"-268,1256";"598,1894";"-497,2735";"578,2468";"-384,6497";"584,3813";"-271,2332";"574,4510";"-498,6633";"578,2468";"-384,6497";"584,3813";"-271,2332";"574,4510";"-498,6633"
"3,9200";"593,6537";"-382,5870";"591,0485";"-267,8498";"596,1942";"-497,1798";"593,6537";"-382,5870";"591,0485";"-267,8498";"596,1942";"-497,1798";"576,0750";"-384,6116";"582,7881";"-271,4025";"571,9782";"-498,4552";"576,0750";"-384,6116";"582,7881";"-271,4025";"571,9782";"-498,4552"
"3,9400";"592,0032";"-382,3405";"589,1195";"-267,6759";"594,3905";"-497,1847";"592,0032";"-382,3405";"589,1195";"-267,6759";"594,3905";"-497,1847";"574,1642";"-384,5580";"581,0965";"-271,4696";"569,5575";"-498,2212";"574,1642";"-384,5580";"581,0965";"-271,4696";"569,5575";"-498,2212"
"3,9600";"590,3300";"-382,2255";"587,1489";"-267,5065";"592,3888";"-497,1823";"590,3300";"-382,2255";"587,1489";"-267,5065";"592,3888";"-497,1823";"572,0898";"-384,5449";"579,3843";"-271,3898";"567,3935";"-497,9214";"572,0898";"-384,5449";"579,3843";"-271,3898";"567,3935";"-497,9214"
"3,9800";"590,6226";"-381,5236";"585,6158";"-267,3410";"592,1947";"-496,4661";"590,6226";"-381,5236";"585,6158";"-267,3410";"592,1947";"-496,4661";"570,1140";"-384,5010";"577,6489";"-271,6323";"565,3342";"-497,6297";"570,1140";"-384,5010";"577,6489";"-271,6323";"565,3342";"-497,6297"
"4,0000";"589,9520";"-381,0404";"584,1671";"-267,1436";"592,0649";"-495,7619";"589,9520";"-381,0404";"584,1671";"-267,1436";"592,0649";"-495,7619";"568,0357";"-384,3344";"575,9336";"-271,7478";"563,0468";"-497,4867";"568,0357";"-384,3344";"575,9336";"-271,7478";"563,0468";"-497,4867"
"4,0200";"589,1195";"-380,3801";"582,2690";"-267,0848";"591,8732";"-495,1094";"589,1195";"-380,3801";"582,2690";"-267,0848";"591,8732";"-495,1094";"566,0332";"-384,2283";"574,1175";"-272,0692";"560,8736";"-497,2894";"566,0332";"-384,2283";"574,1175";"-272,0692";"560,8736";"-497,2894"
"4,0400";"588,3783";"-379,9591";"580,6760";"-267,0034";"591,4660";"-494,4501";"588,3783";"-379,9591";"580,6760";"-267,0034";"591,4660";"-494,4501";"563,9071";"-383,9910";"572,4275";"-272,2900";"558,7239";"-497,2399";"563,9071";"-383,9910";"572,4275";"-272,2900";"558,7239";"-497,2399"
"4,0600";"587,4851";"-379,5218";"579,1238";"-266,9796";"591,1417";"-493,7040";"587,4851";"-379,5218";"579,1238";"-266,9796";"591,1417";"-493,7040";"562,0751";"-383,8380";"570,6834";"-272,4268";"556,7352";"-497,1575";"562,0751";"-383,8380";"570,6834";"-272,4268";"556,7352";"-497,1575"
"4,0800";"586,3891";"-378,8738";"577,4179";"-266,8478";"590,4758";"-493,0673";"586,3891";"-378,8738";"577,4179";"-266,8478";"590,4758";"-493,0673";"560,3503";"-383,4429";"568,9863";"-272,4008";"554,7911";"-497,0570";"560,3503";"-383,4429";"568,9863";"-272,4008";"554,7911";"-497,0570"
"4,1000";"585,3548";"-378,3263";"575,6366";"-266,9613";"589,8046";"-492,6779";"585,3548";"-378,3263";"575,6366";"-266,9613";"589,8046";"-492,6779";"564,2900";"-386,6681";"567,3130";"-272,4522";"558,4725";"-500,3907";"564,2900";"-386,6681";"567,3130";"-272,4522";"558,4725";"-500,3907"
"4,1200";"584,3215";"-377,9654";"573,6919";"-266,7966";"589,0366";"-492,1030";"584,3215";"-377,9654";"573,6919";"-266,7966";"589,0366";"-492,1030";"562,5935";"-386,6706";"565,6535";"-272,3401";"556,7686";"-500,4489";"562,5935";"-386,6706";"565,6535";"-272,3401";"556,7686";"-500,4489"
"4,1400";"583,2698";"-377,4568";"572,0075";"-266,9033";"588,2882";"-491,3216";"583,2698";"-377,4568";"572,0075";"-266,9033";"588,2882";"-491,3216";"560,9832";"-386,6386";"564,0657";"-272,2698";"554,8829";"-500,4303";"560,9832";"-386,6386";"564,0657";"-272,2698";"554,8829";"-500,4303"
"4,1600";"581,9290";"-377,1565";"570,2625";"-266,9698";"587,3526";"-490,7084";"581,9290";"-377,1565";"570,2625";"-266,9698";"587,3526";"-490,7084";"559,2682";"-386,5697";"562,4963";"-272,4384";"552,8306";"-500,3674";"559,2682";"-386,5697";"562,4963";"-272,4384";"552,8306";"-500,3674"
"4,1800";"580,8562";"-376,7967";"568,5723";"-267,0073";"586,3064";"-490,2473";"580,8562";"-376,7967";"568,5723";"-267,0073";"586,3064";"-490,2473";"557,7185";"-386,6068";"561,0192";"-272,2980";"551,0851";"-500,2242";"557,7185";"-386,6068";"561,0192";"-272,2980";"551,0851";"-500,2242"
"4,2000";"579,1725";"-376,5930";"566,6853";"-267,0000";"584,9502";"-489,7743";"579,1725";"-376,5930";"566,6853";"-267,0000";"584,9502";"-489,7743";"555,9676";"-386,6018";"559,3275";"-272,1853";"549,3870";"-500,0699";"555,9676";"-386,6018";"559,3275";"-272,1853";"549,3870";"-500,0699"
"4,2200";"577,6165";"-376,5146";"565,2757";"-267,1295";"583,5003";"-489,6373";"577,6165";"-376,5146";"565,2757";"-267,1295";"583,5003";"-489,6373";"554,3667";"-386,4735";"557,6892";"-272,1374";"547,5807";"-499,8048";"554,3667";"-386,4735";"557,6892";"-272,1374";"547,5807";"-499,8048"
"4,2400";"575,6530";"-376,7963";"563,5198";"-267,1785";"581,9667";"-489,7861";"575,6530";"-376,7963";"563,5198";"-267,1785";"581,9667";"-489,7861";"552,5751";"-386,5493";"555,8737";"-272,0296";"545,9934";"-499,6089";"552,5751";"-386,5493";"555,8737";"-272,0296";"545,9934";"-499,6089"
"4,2600";"573,9685";"-376,9003";"561,8420";"-267,3429";"580,0579";"-490,0164";"573,9685";"-376,9003";"561,8420";"-267,3429";"580,0579";"-490,0164";"550,9098";"-386,4844";"554,1367";"-271,6930";"544,4520";"-499,3079";"550,9098";"-386,4844";"554,1367";"-271,6930";"544,4520";"-499,3079"
"4,2800";"571,9590";"-377,3142";"559,9418";"-267,4989";"578,0310";"-490,2461";"571,9590";"-377,3142";"559,9418";"-267,4989";"578,0310";"-490,2461";"549,1627";"-386,3651";"552,3382";"-271,7803";"542,6091";"-499,2221";"549,1627";"-386,3651";"552,3382";"-271,7803";"542,6091";"-499,2221"
"4,3000";"570,2681";"-377,7928";"558,2325";"-267,5712";"575,9063";"-490,8448";"570,2681";"-377,7928";"558,2325";"-267,5712";"575,9063";"-490,8448";"547,4519";"-386,1907";"550,6131";"-271,8734";"541,0988";"-499,1628";"547,4519";"-386,1907";"550,6131";"-271,8734";"541,0988";"-499,1628"
"4,3200";"568,1162";"-378,2997";"556,4701";"-267,8030";"573,5023";"-491,5529";"568,1162";"-378,2997";"556,4701";"-267,8030";"573,5023";"-491,5529";"545,6817";"-385,9740";"548,8800";"-271,7694";"539,3928";"-499,1249";"545,6817";"-385,9740";"548,8800";"-271,7694";"539,3928";"-499,1249"
"4,3400";"566,0190";"-378,7138";"554,7328";"-267,9705";"570,8384";"-492,1462";"566,0190";"-378,7138";"554,7328";"-267,9705";"570,8384";"-492,1462";"544,1037";"-385,8676";"547,1617";"-271,7079";"537,6404";"-498,9688";"544,1037";"-385,8676";"547,1617";"-271,7079";"537,6404";"-498,9688"
"4,3600";"563,9187";"-379,3744";"553,2393";"-268,1118";"568,3096";"-492,9323";"563,9187";"-379,3744";"553,2393";"-268,1118";"568,3096";"-492,9323";"542,4582";"-385,6446";"545,3953";"-271,6251";"535,9671";"-498,9796";"542,4582";"-385,6446";"545,3953";"-271,6251";"535,9671";"-498,9796"
"4,3800";"561,5769";"-380,0235";"551,6367";"-268,5099";"565,5944";"-493,7982";"561,5769";"-380,0235";"551,6367";"-268,5099";"565,5944";"-493,7982";"540,6012";"-385,6889";"543,4968";"-271,3396";"534,4201";"-499,1199";"540,6012";"-385,6889";"543,4968";"-271,3396";"534,4201";"-499,1199"
"4,4000";"558,9352";"-380,6818";"550,0973";"-268,9203";"562,8734";"-494,6257";"558,9352";"-380,6818";"550,0973";"-268,9203";"562,8734";"-494,6257";"538,9799";"-385,4610";"541,8752";"-271,0165";"532,8966";"-499,2197";"538,9799";"-385,4610";"541,8752";"-271,0165";"532,8966";"-499,2197"
"4,4200";"556,4573";"-381,2951";"548,3539";"-269,3021";"560,1242";"-495,4768";"556,4573";"-381,2951";"548,3539";"-269,3021";"560,1242";"-495,4768";"537,2409";"-385,4506";"540,2919";"-270,6273";"531,3320";"-499,2185";"537,2409";"-385,4506";"540,2919";"-270,6273";"531,3320";"-499,2185"
"4,4400";"553,9695";"-381,9429";"546,6280";"-269,5070";"557,1116";"-496,3591";"553,9695";"-381,9429";"546,6280";"-269,5070";"557,1116";"-496,3591";"535,7671";"-385,1992";"538,6857";"-270,3169";"529,9125";"-499,2440";"535,7671";"-385,1992";"538,6857";"-270,3169";"529,9125";"-499,2440"
"4,4600";"551,1233";"-382,6108";"544,7166";"-269,6763";"553,7945";"-497,2390";"551,1233";"-382,6108";"544,7166";"-269,6763";"553,7945";"-497,2390";"534,0063";"-385,1271";"536,9752";"-270,1360";"528,4446";"-499,1561";"534,0063";"-385,1271";"536,9752";"-270,1360";"528,4446";"-499,1561"
"4,4800";"548,4761";"-383,0411";"543,0554";"-269,7984";"550,6713";"-498,0409";"548,4761";"-383,0411";"543,0554";"-269,7984";"550,6713";"-498,0409";"532,4586";"-384,7939";"535,4510";"-269,9878";"527,0532";"-498,8365";"532,4586";"-384,7939";"535,4510";"-269,9878";"527,0532";"-498,8365"
"4,5000";"544,2799";"-384,2533";"541,2636";"-270,0048";"546,0708";"-499,2205";"544,2799";"-384,2533";"541,2636";"-270,0048";"546,0708";"-499,2205";"530,8130";"-384,7420";"533,5960";"-269,7967";"525,5768";"-498,4270";"530,8130";"-384,7420";"533,5960";"-269,7967";"525,5768";"-498,4270"
"4,5200";"542,9234";"-384,4193";"539,5769";"-270,1495";"544,8438";"-499,2151";"542,9234";"-384,4193";"539,5769";"-270,1495";"544,8438";"-499,2151";"529,1401";"-384,4181";"531,8547";"-269,7216";"524,1244";"-498,3719";"529,1401";"-384,4181";"531,8547";"-269,7216";"524,1244";"-498,3719"
"4,5400";"541,6786";"-384,5925";"537,9836";"-270,5058";"543,8073";"-499,4702";"541,6786";"-384,5925";"537,9836";"-270,5058";"543,8073";"-499,4702";"527,3176";"-384,1189";"530,0131";"-269,6189";"522,7609";"-498,3926";"527,3176";"-384,1189";"530,0131";"-269,6189";"522,7609";"-498,3926"
"4,5600";"540,3415";"-384,6969";"536,2922";"-270,6195";"542,8236";"-499,4460";"540,3415";"-384,6969";"536,2922";"-270,6195";"542,8236";"-499,4460";"525,6761";"-383,8936";"528,4866";"-269,3525";"521,3818";"-498,2160";"525,6761";"-383,8936";"528,4866";"-269,3525";"521,3818";"-498,2160"
"4,5800";"539,2115";"-385,1325";"534,5166";"-270,9225";"541,6641";"-499,5850";"539,2115";"-385,1325";"534,5166";"-270,9225";"541,6641";"-499,5850";"523,7601";"-383,6761";"526,6289";"-269,0649";"519,8701";"-498,1247";"523,7601";"-383,6761";"526,6289";"-269,0649";"519,8701";"-498,1247"
"4,6000";"537,8068";"-385,2051";"532,7493";"-271,1942";"540,5863";"-499,6894";"537,8068";"-385,2051";"532,7493";"-271,1942";"540,5863";"-499,6894";"521,9661";"-383,6454";"525,0102";"-268,8024";"518,4087";"-498,2949";"521,9661";"-383,6454";"525,0102";"-268,8024";"518,4087";"-498,2949"
"4,6200";"536,5819";"-385,2651";"531,0724";"-271,3493";"539,3812";"-499,7602";"536,5819";"-385,2651";"531,0724";"-271,3493";"539,3812";"-499,7602";"520,3390";"-383,4909";"523,3510";"-268,7766";"516,9271";"-498,0213";"520,3390";"-383,4909";"523,3510";"-268,7766";"516,9271";"-498,0213"
"4,6400";"535,2102";"-385,3387";"529,2819";"-271,5624";"537,9918";"-499,6811";"535,2102";"-385,3387";"529,2819";"-271,5624";"537,9918";"-499,6811";"518,5510";"-383,3436";"521,6723";"-268,5856";"515,3206";"-497,7986";"518,5510";"-383,3436";"521,6723";"-268,5856";"515,3206";"-497,7986"
"4,6600";"533,9228";"-385,2703";"527,5558";"-271,9976";"536,7649";"-499,7381";"533,9228";"-385,2703";"527,5558";"-271,9976";"536,7649";"-499,7381";"516,9029";"-383,2480";"519,7448";"-268,6517";"513,8032";"-497,6357";"516,9029";"-383,2480";"519,7448";"-268,6517";"513,8032";"-497,6357"
"4,6800";"532,3785";"-385,2285";"525,9307";"-272,1070";"535,5509";"-499,7409";"532,3785";"-385,2285";"525,9307";"-272,1070";"535,5509";"-499,7409";"515,1064";"-383,1570";"518,1557";"-268,5008";"512,4718";"-497,5681";"515,1064";"-383,1570";"518,1557";"-268,5008";"512,4718";"-497,5681"
"4,7000";"530,8679";"-385,2013";"524,3092";"-272,2845";"534,2604";"-499,6729";"530,8679";"-385,2013";"524,3092";"-272,2845";"534,2604";"-499,6729";"513,6038";"-382,8444";"516,4435";"-268,4119";"510,9266";"-497,3635";"513,6038";"-382,8444";"516,4435";"-268,4119";"510,9266";"-497,3635"
"4,7200";"529,2954";"-385,3578";"522,6751";"-272,4637";"533,0102";"-499,5941";"529,2954";"-385,3578";"522,6751";"-272,4637";"533,0102";"-499,5941";"511,8246";"-382,6220";"514,5899";"-268,1248";"509,6383";"-497,2034";"511,8246";"-382,6220";"514,5899";"-268,1248";"509,6383";"-497,2034"
"4,7400";"527,7592";"-385,3753";"521,1376";"-272,5340";"531,7774";"-499,5759";"527,7592";"-385,3753";"521,1376";"-272,5340";"531,7774";"-499,5759";"505,4109";"-379,9159";"512,9463";"-268,0485";"501,4120";"-494,1041";"505,4109";"-379,9159";"512,9463";"-268,0485";"501,4120";"-494,1041"
"4,7600";"526,2526";"-385,2590";"519,5990";"-272,5419";"530,5421";"-499,6353";"526,2526";"-385,2590";"519,5990";"-272,5419";"530,5421";"-499,6353";"499,9972";"-376,0649";"511,3728";"-267,7036";"494,8370";"-490,0734";"499,9972";"-376,0649";"511,3728";"-267,7036";"494,8370";"-490,0734"
"4,7800";"524,7822";"-385,1144";"517,7293";"-272,5695";"529,0754";"-499,5319";"524,7822";"-385,1144";"517,7293";"-272,5695";"529,0754";"-499,5319";"494,9798";"-371,1667";"509,5971";"-267,7199";"488,5415";"-484,4558";"494,9798";"-371,1667";"509,5971";"-267,7199";"488,5415";"-484,4558"
"4,8000";"523,3078";"-385,2193";"516,0676";"-272,5656";"527,6506";"-499,4843";"523,3078";"-385,2193";"516,0676";"-272,5656";"527,6506";"-499,4843";"490,0480";"-365,1697";"507,9096";"-267,6730";"482,7988";"-477,9050";"490,0480";"-365,1697";"507,9096";"-267,6730";"482,7988";"-477,9050"
"4,8200";"521,6584";"-385,0306";"514,2849";"-272,6111";"526,2912";"-499,5330";"521,6584";"-385,0306";"514,2849";"-272,6111";"526,2912";"-499,5330";"485,4589";"-358,6006";"506,3520";"-267,6978";"477,4538";"-470,7633";"485,4589";"-358,6006";"506,3520";"-267,6978";"477,4538";"-470,7633"
"4,8400";"519,9874";"-384,9150";"512,4713";"-272,6915";"524,7536";"-499,3438";"519,9874";"-384,9150";"512,4713";"-272,6915";"524,7536";"-499,3438";"481,2486";"-351,6788";"504,5942";"-267,6712";"472,3969";"-463,0976";"481,2486";"-351,6788";"504,5942";"-267,6712";"472,3969";"-463,0976"
"4,8600";"513,7157";"-387,4611";"510,7680";"-272,6508";"518,3458";"-501,7248";"513,7157";"-387,4611";"510,7680";"-272,6508";"518,3458";"-501,7248";"477,3273";"-344,8636";"502,9279";"-267,8589";"468,1507";"-455,2820";"477,3273";"-344,8636";"502,9279";"-267,8589";"468,1507";"-455,2820"
"4,8800";"512,0522";"-387,4144";"509,2384";"-272,7791";"516,6861";"-501,7104";"512,0522";"-387,4144";"509,2384";"-272,7791";"516,6861";"-501,7104";"473,9629";"-338,0955";"501,3452";"-267,7663";"464,2140";"-448,2372";"473,9629";"-338,0955";"501,3452";"-267,7663";"464,2140";"-448,2372"
"4,9000";"510,3915";"-387,3445";"507,5163";"-272,8739";"515,1268";"-501,7380";"510,3915";"-387,3445";"507,5163";"-272,8739";"515,1268";"-501,7380";"470,8726";"-332,1425";"499,4872";"-267,6944";"460,7650";"-441,6783";"470,8726";"-332,1425";"499,4872";"-267,6944";"460,7650";"-441,6783"
"4,9200";"508,9380";"-387,4257";"505,8637";"-273,0352";"513,2672";"-501,6389";"508,9380";"-387,4257";"505,8637";"-273,0352";"513,2672";"-501,6389";"468,2737";"-327,2038";"497,5700";"-267,7526";"457,7173";"-436,2162";"468,2737";"-327,2038";"497,5700";"-267,7526";"457,7173";"-436,2162"
"4,9400";"507,3106";"-387,4384";"504,1768";"-272,9855";"511,5434";"-501,6354";"507,3106";"-387,4384";"504,1768";"-272,9855";"511,5434";"-501,6354";"465,9566";"-323,5570";"495,8998";"-267,9419";"455,0664";"-431,8436";"465,9566";"-323,5570";"495,8998";"-267,9419";"455,0664";"-431,8436"
"4,9600";"505,7137";"-387,5097";"502,2807";"-273,0050";"510,0577";"-501,5258";"505,7137";"-387,5097";"502,2807";"-273,0050";"510,0577";"-501,5258";"463,7879";"-321,0041";"494,0972";"-267,9013";"452,5647";"-429,3121";"463,7879";"-321,0041";"494,0972";"-267,9013";"452,5647";"-429,3121"
"4,9800";"504,0391";"-387,4659";"500,5430";"-272,8097";"508,4276";"-501,4351";"504,0391";"-387,4659";"500,5430";"-272,8097";"508,4276";"-501,4351";"461,8878";"-320,0078";"492,3938";"-268,1776";"450,4459";"-428,0151";"461,8878";"-320,0078";"492,3938";"-268,1776";"450,4459";"-428,0151"
"5,0000";"502,4098";"-387,5195";"498,9467";"-272,6458";"506,6424";"-501,1744";"502,4098";"-387,5195";"498,9467";"-272,6458";"506,6424";"-501,1744";"460,2245";"-320,4372";"490,7063";"-268,1961";"448,7380";"-428,3798";"460,2245";"-320,4372";"490,7063";"-268,1961";"448,7380";"-428,3798"
"5,0200";"500,5573";"-387,2910";"497,1994";"-272,3719";"504,9507";"-501,0414";"500,5573";"-387,2910";"497,1994";"-272,3719";"504,9507";"-501,0414";"458,6713";"-322,2775";"489,1950";"-268,0721";"447,3127";"-430,3215";"458,6713";"-322,2775";"489,1950";"-268,0721";"447,3127";"-430,3215"
"5,0400";"498,8033";"-387,1131";"495,4985";"-272,2675";"503,3917";"-500,7780";"498,8033";"-387,1131";"495,4985";"-272,2675";"503,3917";"-500,7780";"457,5435";"-325,3355";"487,6292";"-268,0076";"446,2543";"-433,8157";"457,5435";"-325,3355";"487,6292";"-268,0076";"446,2543";"-433,8157"
"5,0600";"496,9620";"-386,7652";"494,0096";"-271,9359";"501,8051";"-500,5607";"496,9620";"-386,7652";"494,0096";"-271,9359";"501,8051";"-500,5607";"456,7543";"-329,6145";"486,1563";"-268,1463";"445,6801";"-438,3094";"456,7543";"-329,6145";"486,1563";"-268,1463";"445,6801";"-438,3094"
"5,0800";"495,1876";"-386,4551";"492,4786";"-271,8929";"500,0150";"-500,3400";"495,1876";"-386,4551";"492,4786";"-271,8929";"500,0150";"-500,3400";"456,0667";"-334,8949";"484,4125";"-267,9698";"445,6681";"-444,1271";"456,0667";"-334,8949";"484,4125";"-267,9698";"445,6681";"-444,1271"
"5,1000";"493,2851";"-386,0800";"490,5182";"-271,6670";"498,3815";"-500,2514";"493,2851";"-386,0800";"490,5182";"-271,6670";"498,3815";"-500,2514";"455,8729";"-341,1474";"482,8907";"-268,1993";"445,7153";"-450,9091";"455,8729";"-341,1474";"482,8907";"-268,1993";"445,7153";"-450,9091"
"5,1200";"491,5769";"-385,9028";"488,8501";"-271,5689";"496,5698";"-499,9793";"491,5769";"-385,9028";"488,8501";"-271,5689";"496,5698";"-499,9793";"455,9766";"-347,8416";"481,1618";"-268,5664";"446,4678";"-458,2186";"455,9766";"-347,8416";"481,1618";"-268,5664";"446,4678";"-458,2186"
"5,1400";"489,8211";"-385,7960";"487,0725";"-271,1864";"494,8127";"-500,0131";"489,8211";"-385,7960";"487,0725";"-271,1864";"494,8127";"-500,0131";"456,4366";"-354,8002";"479,4546";"-268,6557";"447,7769";"-465,9259";"456,4366";"-354,8002";"479,4546";"-268,6557";"447,7769";"-465,9259"
"5,1600";"488,0572";"-385,7397";"485,2228";"-271,2193";"492,8033";"-499,7048";"488,0572";"-385,7397";"485,2228";"-271,2193";"492,8033";"-499,7048";"457,3294";"-361,8617";"477,5877";"-268,8617";"449,3535";"-473,6581";"457,3294";"-361,8617";"477,5877";"-268,8617";"449,3535";"-473,6581"
"5,1800";"486,3032";"-385,6358";"483,4695";"-270,9537";"491,1022";"-499,5102";"486,3032";"-385,6358";"483,4695";"-270,9537";"491,1022";"-499,5102";"458,6260";"-368,3735";"475,7614";"-269,3088";"451,2913";"-481,0618";"458,6260";"-368,3735";"475,7614";"-269,3088";"451,2913";"-481,0618"
"5,2000";"484,7770";"-385,2325";"481,9407";"-270,6871";"489,2944";"-499,5167";"484,7770";"-385,2325";"481,9407";"-270,6871";"489,2944";"-499,5167";"460,1606";"-374,0794";"474,0501";"-269,4692";"454,0163";"-487,5964";"460,1606";"-374,0794";"474,0501";"-269,4692";"454,0163";"-487,5964"
"5,2200";"483,0752";"-384,9903";"480,2644";"-270,3610";"487,5705";"-499,3955";"483,0752";"-384,9903";"480,2644";"-270,3610";"487,5705";"-499,3955";"462,0982";"-378,8646";"472,2727";"-269,6640";"456,8246";"-493,2761";"462,0982";"-378,8646";"472,2727";"-269,6640";"456,8246";"-493,2761"
"5,2400";"481,5616";"-384,5572";"478,5677";"-270,2118";"485,5214";"-499,0378";"481,5616";"-384,5572";"478,5677";"-270,2118";"485,5214";"-499,0378";"464,0045";"-382,4075";"470,4684";"-269,9269";"459,9988";"-497,2330";"464,0045";"-382,4075";"470,4684";"-269,9269";"459,9988";"-497,2330"
"5,2600";"479,9488";"-384,2481";"477,0241";"-269,7835";"483,6994";"-498,8894";"479,9488";"-384,2481";"477,0241";"-269,7835";"483,6994";"-498,8894";"465,8014";"-384,3663";"468,7405";"-270,0366";"463,5728";"-499,7457";"465,8014";"-384,3663";"468,7405";"-270,0366";"463,5728";"-499,7457"
"5,2800";"478,4287";"-383,8652";"475,1692";"-269,4220";"481,7177";"-498,6556";"478,4287";"-383,8652";"475,1692";"-269,4220";"481,7177";"-498,6556";"463,5849";"-384,5542";"467,1813";"-270,1668";"461,2263";"-499,5886";"463,5849";"-384,5542";"467,1813";"-270,1668";"461,2263";"-499,5886"
"5,3000";"476,5890";"-383,7787";"473,4466";"-269,1035";"479,7249";"-498,3148";"476,5890";"-383,7787";"473,4466";"-269,1035";"479,7249";"-498,3148";"461,3539";"-384,6460";"465,5543";"-270,3331";"458,7658";"-499,3754";"461,3539";"-384,6460";"465,5543";"-270,3331";"458,7658";"-499,3754"
"5,3200";"474,9923";"-383,5358";"471,7843";"-268,7874";"477,7562";"-498,2176";"474,9923";"-383,5358";"471,7843";"-268,7874";"477,7562";"-498,2176";"458,9866";"-384,8503";"463,9892";"-270,6038";"456,5525";"-499,0663";"458,9866";"-384,8503";"463,9892";"-270,6038";"456,5525";"-499,0663"
"5,3400";"473,0803";"-383,3279";"470,1286";"-268,4433";"475,9638";"-498,0577";"473,0803";"-383,3279";"470,1286";"-268,4433";"475,9638";"-498,0577";"456,9977";"-384,6914";"462,3193";"-270,8548";"453,9442";"-499,0786";"456,9977";"-384,6914";"462,3193";"-270,8548";"453,9442";"-499,0786"
"5,3600";"471,3286";"-382,9444";"468,3419";"-268,2911";"474,0016";"-497,8622";"471,3286";"-382,9444";"468,3419";"-268,2911";"474,0016";"-497,8622";"454,7753";"-384,5683";"460,6936";"-271,2272";"451,5113";"-498,9585";"454,7753";"-384,5683";"460,6936";"-271,2272";"451,5113";"-498,9585"
"5,3800";"469,4360";"-382,8679";"466,6778";"-268,2161";"472,2572";"-497,7070";"469,4360";"-382,8679";"466,6778";"-268,2161";"472,2572";"-497,7070";"452,7086";"-384,5402";"459,0051";"-271,5534";"449,0265";"-498,8681";"452,7086";"-384,5402";"459,0051";"-271,5534";"449,0265";"-498,8681"
"5,4000";"467,9171";"-382,6715";"464,9815";"-267,9958";"470,4542";"-497,4985";"467,9171";"-382,6715";"464,9815";"-267,9958";"470,4542";"-497,4985";"450,6086";"-384,5179";"457,3179";"-271,8441";"446,4717";"-498,7340";"450,6086";"-384,5179";"457,3179";"-271,8441";"446,4717";"-498,7340"
"5,4200";"466,2011";"-382,5618";"463,1486";"-267,9488";"468,8027";"-497,1810";"466,2011";"-382,5618";"463,1486";"-267,9488";"468,8027";"-497,1810";"448,7039";"-384,3344";"455,4300";"-271,9670";"444,1218";"-498,5698";"448,7039";"-384,3344";"455,4300";"-271,9670";"444,1218";"-498,5698"
"5,4400";"464,5132";"-382,4967";"461,4583";"-268,0040";"466,9540";"-497,1248";"464,5132";"-382,4967";"461,4583";"-268,0040";"466,9540";"-497,1248";"446,4914";"-384,2761";"453,7815";"-272,1475";"441,9916";"-498,4280";"446,4914";"-384,2761";"453,7815";"-272,1475";"441,9916";"-498,4280"
"5,4600";"462,6746";"-382,4473";"459,9381";"-267,7962";"465,1600";"-497,0417";"462,6746";"-382,4473";"459,9381";"-267,7962";"465,1600";"-497,0417";"444,5870";"-384,2968";"451,9844";"-272,0362";"439,6451";"-498,2962";"444,5870";"-384,2968";"451,9844";"-272,0362";"439,6451";"-498,2962"
"5,4800";"463,0142";"-381,4197";"458,2192";"-267,4667";"464,8286";"-496,2538";"463,0142";"-381,4197";"458,2192";"-267,4667";"464,8286";"-496,2538";"442,4264";"-384,1790";"450,2605";"-271,8947";"437,5271";"-498,1555";"442,4264";"-384,1790";"450,2605";"-271,8947";"437,5271";"-498,1555"
"5,5000";"462,1046";"-380,8855";"456,4964";"-267,4827";"464,5274";"-495,6502";"462,1046";"-380,8855";"456,4964";"-267,4827";"464,5274";"-495,6502";"440,4467";"-384,1186";"448,3954";"-272,0233";"435,4993";"-498,0980";"440,4467";"-384,1186";"448,3954";"-272,0233";"435,4993";"-498,0980"
"5,5200";"461,1859";"-380,2662";"454,9107";"-267,2700";"464,1683";"-494,9900";"461,1859";"-380,2662";"454,9107";"-267,2700";"464,1683";"-494,9900";"438,5560";"-384,0465";"446,7215";"-272,0500";"433,0980";"-497,8284";"438,5560";"-384,0465";"446,7215";"-272,0500";"433,0980";"-497,8284"
"5,5400";"460,3861";"-379,5804";"453,2365";"-267,1488";"463,8196";"-494,2338";"460,3861";"-379,5804";"453,2365";"-267,1488";"463,8196";"-494,2338";"436,7769";"-383,9393";"445,0079";"-272,1396";"430,9766";"-497,4656";"436,7769";"-383,9393";"445,0079";"-272,1396";"430,9766";"-497,4656"
"5,5600";"459,8690";"-379,0100";"451,2642";"-267,1160";"463,1460";"-493,5021";"459,8690";"-379,0100";"451,2642";"-267,1160";"463,1460";"-493,5021";"434,7209";"-383,8560";"443,3423";"-272,1980";"428,9458";"-497,2326";"434,7209";"-383,8560";"443,3423";"-272,1980";"428,9458";"-497,2326"
"5,5800";"458,9681";"-378,5395";"449,5457";"-267,2727";"462,5712";"-492,7800";"458,9681";"-378,5395";"449,5457";"-267,2727";"462,5712";"-492,7800";"433,0626";"-383,6850";"441,6122";"-272,2167";"427,0742";"-497,1324";"433,0626";"-383,6850";"441,6122";"-272,2167";"427,0742";"-497,1324"
"5,6000";"457,9722";"-378,0311";"447,8220";"-267,1223";"461,9154";"-492,0600";"457,9722";"-378,0311";"447,8220";"-267,1223";"461,9154";"-492,0600";"437,0242";"-386,9772";"440,0181";"-272,2200";"430,8271";"-500,2681";"437,0242";"-386,9772";"440,0181";"-272,2200";"430,8271";"-500,2681"
"5,6200";"457,0543";"-377,5025";"446,1041";"-267,1392";"461,1837";"-491,5428";"457,0543";"-377,5025";"446,1041";"-267,1392";"461,1837";"-491,5428";"435,2914";"-387,0858";"438,3241";"-272,1078";"429,1813";"-500,3356";"435,2914";"-387,0858";"438,3241";"-272,1078";"429,1813";"-500,3356"
"5,6400";"455,9851";"-377,1765";"444,2772";"-267,0894";"460,3355";"-491,0096";"455,9851";"-377,1765";"444,2772";"-267,0894";"460,3355";"-491,0096";"433,6144";"-387,1988";"436,6021";"-272,1093";"427,3213";"-500,2095";"433,6144";"-387,1988";"436,6021";"-272,1093";"427,3213";"-500,2095"
"5,6600";"454,5677";"-376,9477";"442,6830";"-266,9617";"459,5088";"-490,5477";"454,5677";"-376,9477";"442,6830";"-266,9617";"459,5088";"-490,5477";"431,8978";"-387,0318";"435,0036";"-272,2619";"425,4802";"-500,0711";"431,8978";"-387,0318";"435,0036";"-272,2619";"425,4802";"-500,0711"
"5,6800";"453,2191";"-376,7673";"441,0021";"-266,9801";"458,5407";"-490,2788";"453,2191";"-376,7673";"441,0021";"-266,9801";"458,5407";"-490,2788";"430,3888";"-387,0892";"433,3067";"-272,4608";"423,6024";"-499,9137";"430,3888";"-387,0892";"433,3067";"-272,4608";"423,6024";"-499,9137"
"5,7000";"451,7153";"-376,6320";"439,3722";"-267,1919";"457,3048";"-490,2421";"451,7153";"-376,6320";"439,3722";"-267,1919";"457,3048";"-490,2421";"428,8332";"-386,9578";"431,4976";"-272,3389";"422,0400";"-499,8487";"428,8332";"-386,9578";"431,4976";"-272,3389";"422,0400";"-499,8487"
"5,7200";"449,8020";"-376,6819";"437,6651";"-267,2670";"455,7957";"-489,9673";"449,8020";"-376,6819";"437,6651";"-267,2670";"455,7957";"-489,9673";"427,1237";"-386,7675";"429,8100";"-272,3716";"420,2371";"-499,6805";"427,1237";"-386,7675";"429,8100";"-272,3716";"420,2371";"-499,6805"
"5,7400";"448,2302";"-376,8608";"436,0899";"-267,2588";"454,2134";"-490,0782";"448,2302";"-376,8608";"436,0899";"-267,2588";"454,2134";"-490,0782";"425,3689";"-386,6744";"428,1428";"-272,2760";"418,5158";"-499,6660";"425,3689";"-386,6744";"428,1428";"-272,2760";"418,5158";"-499,6660"
"5,7600";"446,4702";"-376,9142";"434,2549";"-267,3609";"452,4810";"-490,3984";"446,4702";"-376,9142";"434,2549";"-267,3609";"452,4810";"-490,3984";"423,8238";"-386,7133";"426,4553";"-272,0683";"416,8829";"-499,6100";"423,8238";"-386,7133";"426,4553";"-272,0683";"416,8829";"-499,6100"
"5,7800";"444,5761";"-377,2575";"432,6541";"-267,4356";"450,4599";"-490,6506";"444,5761";"-377,2575";"432,6541";"-267,4356";"450,4599";"-490,6506";"422,1021";"-386,4985";"424,6910";"-272,0761";"415,2490";"-499,4606";"422,1021";"-386,4985";"424,6910";"-272,0761";"415,2490";"-499,4606"
"5,8000";"442,8031";"-377,5689";"430,9686";"-267,6089";"448,4799";"-491,1094";"442,8031";"-377,5689";"430,9686";"-267,6089";"448,4799";"-491,1094";"420,3625";"-386,1820";"423,0846";"-272,0401";"413,5313";"-499,3530";"420,3625";"-386,1820";"423,0846";"-272,0401";"413,5313";"-499,3530"
"5,8200";"440,9942";"-378,0952";"429,1964";"-267,8019";"446,1644";"-491,8461";"440,9942";"-378,0952";"429,1964";"-267,8019";"446,1644";"-491,8461";"418,6383";"-386,2525";"421,4306";"-271,8535";"411,8313";"-499,2683";"418,6383";"-386,2525";"421,4306";"-271,8535";"411,8313";"-499,2683"
"5,8400";"438,7581";"-378,4807";"427,4246";"-268,0848";"443,8275";"-492,5071";"438,7581";"-378,4807";"427,4246";"-268,0848";"443,8275";"-492,5071";"416,7420";"-386,1573";"419,5758";"-271,6251";"410,2546";"-499,2017";"416,7420";"-386,1573";"419,5758";"-271,6251";"410,2546";"-499,2017"
"5,8600";"436,4973";"-378,9396";"425,6442";"-268,3188";"441,2443";"-493,0755";"436,4973";"-378,9396";"425,6442";"-268,3188";"441,2443";"-493,0755";"415,0457";"-385,8139";"417,7842";"-271,4972";"408,7544";"-499,0591";"415,0457";"-385,8139";"417,7842";"-271,4972";"408,7544";"-499,0591"
"5,8800";"434,3627";"-379,6405";"423,8552";"-268,5180";"438,6156";"-493,7665";"434,3627";"-379,6405";"423,8552";"-268,5180";"438,6156";"-493,7665";"413,1622";"-385,7725";"416,1251";"-270,9483";"407,0597";"-498,8775";"413,1622";"-385,7725";"416,1251";"-270,9483";"407,0597";"-498,8775"
"5,9000";"431,7816";"-380,4251";"422,1125";"-268,6056";"435,7337";"-494,5955";"431,7816";"-380,4251";"422,1125";"-268,6056";"435,7337";"-494,5955";"411,4378";"-385,8091";"414,3488";"-270,7678";"405,4535";"-498,8323";"411,4378";"-385,8091";"414,3488";"-270,7678";"405,4535";"-498,8323"
"5,9200";"429,3264";"-381,0939";"420,5287";"-268,9029";"432,7512";"-495,5406";"429,3264";"-381,0939";"420,5287";"-268,9029";"432,7512";"-495,5406";"409,6290";"-385,3957";"412,6306";"-270,5877";"404,0152";"-498,5403";"409,6290";"-385,3957";"412,6306";"-270,5877";"404,0152";"-498,5403"
"5,9400";"426,8423";"-381,7603";"418,6240";"-269,0092";"429,6864";"-496,4413";"426,8423";"-381,7603";"418,6240";"-269,0092";"429,6864";"-496,4413";"408,1381";"-385,0718";"411,0072";"-270,4205";"402,6769";"-498,3415";"408,1381";"-385,0718";"411,0072";"-270,4205";"402,6769";"-498,3415"
"5,9600";"424,2105";"-382,5922";"416,8777";"-269,4261";"426,5430";"-497,3803";"424,2105";"-382,5922";"416,8777";"-269,4261";"426,5430";"-497,3803";"406,2273";"-384,9495";"409,3350";"-270,2385";"401,0914";"-498,5005";"406,2273";"-384,9495";"409,3350";"-270,2385";"401,0914";"-498,5005"
"5,9800";"421,5327";"-383,0296";"415,2757";"-269,6584";"423,3031";"-498,2212";"421,5327";"-383,0296";"415,2757";"-269,6584";"423,3031";"-498,2212";"404,6222";"-384,7639";"407,6170";"-270,1396";"399,4890";"-498,4854";"404,6222";"-384,7639";"407,6170";"-270,1396";"399,4890";"-498,4854"
"6,0000";"417,3391";"-384,2188";"413,6681";"-269,9289";"418,9026";"-499,4638";"417,3391";"-384,2188";"413,6681";"-269,9289";"418,9026";"-499,4638";"402,8074";"-384,4088";"405,9805";"-269,8902";"398,0153";"-498,3216";"402,8074";"-384,4088";"405,9805";"-269,8902";"398,0153";"-498,3216"
"6,0200";"415,8737";"-384,1991";"411,9482";"-270,1542";"417,9004";"-499,4811";"415,8737";"-384,1991";"411,9482";"-270,1542";"417,9004";"-499,4811";"401,1943";"-384,1192";"404,2242";"-269,6823";"396,5059";"-498,4225";"401,1943";"-384,1192";"404,2242";"-269,6823";"396,5059";"-498,4225"
"6,0400";"414,4291";"-384,3588";"410,3985";"-270,5922";"416,7022";"-499,5268";"414,4291";"-384,3588";"410,3985";"-270,5922";"416,7022";"-499,5268";"399,5585";"-384,0079";"402,4863";"-269,6442";"394,8732";"-498,2335";"399,5585";"-384,0079";"402,4863";"-269,6442";"394,8732";"-498,2335"
"6,0600";"413,2462";"-384,5057";"408,9178";"-270,8223";"415,5193";"-499,5639";"413,2462";"-384,5057";"408,9178";"-270,8223";"415,5193";"-499,5639";"397,9323";"-383,7075";"400,8817";"-269,4293";"393,5175";"-497,7681";"397,9323";"-383,7075";"400,8817";"-269,4293";"393,5175";"-497,7681"
"6,0800";"411,7256";"-384,6627";"407,2904";"-271,0780";"414,2705";"-499,7262";"411,7256";"-384,6627";"407,2904";"-271,0780";"414,2705";"-499,7262";"396,1389";"-383,4547";"399,3250";"-269,3400";"392,3177";"-497,7218";"396,1389";"-383,4547";"399,3250";"-269,3400";"392,3177";"-497,7218"
"6,1000";"410,1149";"-384,8824";"405,5336";"-271,2198";"413,0580";"-499,5556";"410,1149";"-384,8824";"405,5336";"-271,2198";"413,0580";"-499,5556";"394,5094";"-383,3043";"397,5974";"-269,1634";"390,8701";"-497,5813";"394,5094";"-383,3043";"397,5974";"-269,1634";"390,8701";"-497,5813"
"6,1200";"408,8519";"-385,0309";"403,7926";"-271,3605";"411,8515";"-499,6337";"408,8519";"-385,0309";"403,7926";"-271,3605";"411,8515";"-499,6337";"392,8104";"-383,2645";"395,9391";"-269,0319";"389,5934";"-497,6245";"392,8104";"-383,2645";"395,9391";"-269,0319";"389,5934";"-497,6245"
"6,1400";"407,5238";"-385,0055";"402,1684";"-271,5324";"410,6124";"-499,5316";"407,5238";"-385,0055";"402,1684";"-271,5324";"410,6124";"-499,5316";"391,0719";"-383,0700";"394,3766";"-268,7735";"388,1899";"-497,7825";"391,0719";"-383,0700";"394,3766";"-268,7735";"388,1899";"-497,7825"
"6,1600";"406,0865";"-384,9657";"400,3515";"-271,7831";"409,3942";"-499,5601";"406,0865";"-384,9657";"400,3515";"-271,7831";"409,3942";"-499,5601";"389,5074";"-382,8908";"392,5499";"-268,7426";"386,9056";"-497,9255";"389,5074";"-382,8908";"392,5499";"-268,7426";"386,9056";"-497,9255"
"6,1800";"404,8508";"-385,1582";"398,5227";"-271,9980";"408,1845";"-499,3966";"404,8508";"-385,1582";"398,5227";"-271,9980";"408,1845";"-499,3966";"387,9701";"-382,5126";"390,8043";"-268,5030";"385,4727";"-497,9888";"387,9701";"-382,5126";"390,8043";"-268,5030";"385,4727";"-497,9888"
"6,2000";"403,5620";"-385,0835";"397,0033";"-272,2855";"407,0189";"-499,7203";"403,5620";"-385,0835";"397,0033";"-272,2855";"407,0189";"-499,7203";"386,3290";"-382,4046";"389,1873";"-268,3983";"383,9859";"-497,8299";"386,3290";"-382,4046";"389,1873";"-268,3983";"383,9859";"-497,8299"
"6,2200";"401,9729";"-385,2182";"395,2750";"-272,4496";"405,8738";"-499,6066";"401,9729";"-385,2182";"395,2750";"-272,4496";"405,8738";"-499,6066";"384,7424";"-382,3860";"387,5151";"-268,4007";"382,4253";"-497,5036";"384,7424";"-382,3860";"387,5151";"-268,4007";"382,4253";"-497,5036"
"6,2400";"400,4237";"-385,4236";"393,5956";"-272,5110";"404,5623";"-499,4677";"400,4237";"-385,4236";"393,5956";"-272,5110";"404,5623";"-499,4677";"378,1837";"-379,6418";"385,7304";"-268,1534";"374,0684";"-494,1441";"378,1837";"-379,6418";"385,7304";"-268,1534";"374,0684";"-494,1441"
"6,2600";"398,7851";"-385,5141";"392,0726";"-272,5134";"403,3966";"-499,4183";"398,7851";"-385,5141";"392,0726";"-272,5134";"403,3966";"-499,4183";"372,6458";"-376,0093";"383,9825";"-267,9885";"367,3282";"-489,7929";"372,6458";"-376,0093";"383,9825";"-267,9885";"367,3282";"-489,7929"
"6,2800";"397,2840";"-385,3044";"390,2328";"-272,6006";"401,9902";"-499,3881";"397,2840";"-385,3044";"390,2328";"-272,6006";"401,9902";"-499,3881";"367,2186";"-371,3443";"382,2094";"-267,8004";"361,0207";"-484,1460";"367,2186";"-371,3443";"382,2094";"-267,8004";"361,0207";"-484,1460"
"6,3000";"395,6318";"-385,3495";"388,3890";"-272,5980";"400,6022";"-499,2765";"395,6318";"-385,3495";"388,3890";"-272,5980";"400,6022";"-499,2765";"362,2176";"-365,4040";"380,4018";"-267,6877";"355,1596";"-477,8067";"362,2176";"-365,4040";"380,4018";"-267,6877";"355,1596";"-477,8067"
"6,3200";"394,2834";"-385,4065";"386,7470";"-272,5743";"398,8201";"-499,3173";"394,2834";"-385,4065";"386,7470";"-272,5743";"398,8201";"-499,3173";"357,7167";"-358,4818";"378,8056";"-267,5603";"349,7637";"-470,7616";"357,7167";"-358,4818";"378,8056";"-267,5603";"349,7637";"-470,7616"
"6,3400";"392,7701";"-385,3681";"384,9713";"-272,7363";"397,3162";"-499,3490";"392,7701";"-385,3681";"384,9713";"-272,7363";"397,3162";"-499,3490";"353,7103";"-351,6813";"377,1082";"-267,6200";"344,9703";"-463,3431";"353,7103";"-351,6813";"377,1082";"-267,6200";"344,9703";"-463,3431"
"6,3600";"386,5354";"-387,7854";"383,2294";"-272,8790";"390,9937";"-501,7384";"386,5354";"-387,7854";"383,2294";"-272,8790";"390,9937";"-501,7384";"350,0046";"-344,7640";"375,4858";"-267,6393";"340,4454";"-455,8112";"350,0046";"-344,7640";"375,4858";"-267,6393";"340,4454";"-455,8112"
"6,3800";"384,6411";"-387,7814";"381,7939";"-272,9593";"389,2964";"-501,8294";"384,6411";"-387,7814";"381,7939";"-272,9593";"389,2964";"-501,8294";"346,6709";"-338,2418";"373,7360";"-267,7349";"336,5835";"-448,5617";"346,6709";"-338,2418";"373,7360";"-267,7349";"336,5835";"-448,5617"
"6,4000";"383,0837";"-387,6734";"380,0033";"-273,0976";"387,4657";"-501,6166";"383,0837";"-387,6734";"380,0033";"-273,0976";"387,4657";"-501,6166";"343,6553";"-332,3266";"372,1679";"-267,7248";"333,1299";"-441,9405";"343,6553";"-332,3266";"372,1679";"-267,7248";"333,1299";"-441,9405"
"6,4200";"381,4165";"-387,4241";"378,1823";"-273,1160";"385,8179";"-501,4451";"381,4165";"-387,4241";"378,1823";"-273,1160";"385,8179";"-501,4451";"340,7599";"-327,5700";"370,3418";"-267,7209";"330,0468";"-436,3776";"340,7599";"-327,5700";"370,3418";"-267,7209";"330,0468";"-436,3776"
"6,4400";"379,5333";"-387,1690";"376,6456";"-272,9289";"384,2322";"-501,4864";"379,5333";"-387,1690";"376,6456";"-272,9289";"384,2322";"-501,4864";"338,2530";"-323,7346";"368,8357";"-267,7481";"327,0190";"-432,0346";"338,2530";"-323,7346";"368,8357";"-267,7481";"327,0190";"-432,0346"
"6,4600";"377,7760";"-386,9072";"374,8667";"-272,8359";"382,6103";"-501,2767";"377,7760";"-386,9072";"374,8667";"-272,8359";"382,6103";"-501,2767";"336,1566";"-321,2030";"367,1699";"-267,6992";"324,6540";"-429,2649";"336,1566";"-321,2030";"367,1699";"-267,6992";"324,6540";"-429,2649"
"6,4800";"376,2320";"-386,7908";"373,1089";"-272,6542";"380,9374";"-501,1194";"376,2320";"-386,7908";"373,1089";"-272,6542";"380,9374";"-501,1194";"334,3596";"-319,8014";"365,5337";"-267,7359";"322,4384";"-428,0676";"334,3596";"-319,8014";"365,5337";"-267,7359";"322,4384";"-428,0676"
"6,5000";"374,5999";"-386,7291";"371,4233";"-272,3595";"379,4524";"-500,9923";"374,5999";"-386,7291";"371,4233";"-272,3595";"379,4524";"-500,9923";"332,6834";"-320,2995";"363,7200";"-267,9640";"320,8086";"-428,5015";"332,6834";"-320,2995";"363,7200";"-267,9640";"320,8086";"-428,5015"
"6,5200";"372,8678";"-386,4868";"369,9470";"-272,3284";"377,8082";"-500,9670";"372,8678";"-386,4868";"369,9470";"-272,3284";"377,8082";"-500,9670";"331,4202";"-321,9071";"362,2049";"-268,0731";"319,4095";"-430,3121";"331,4202";"-321,9071";"362,2049";"-268,0731";"319,4095";"-430,3121"
"6,5400";"371,2505";"-386,5085";"368,1737";"-272,2951";"375,9177";"-500,7136";"371,2505";"-386,5085";"368,1737";"-272,2951";"375,9177";"-500,7136";"330,3763";"-325,1048";"360,4597";"-268,1571";"318,6389";"-433,7175";"330,3763";"-325,1048";"360,4597";"-268,1571";"318,6389";"-433,7175"
"6,5600";"369,6418";"-386,6568";"366,4887";"-272,1208";"374,0903";"-500,5526";"369,6418";"-386,6568";"366,4887";"-272,1208";"374,0903";"-500,5526";"329,3086";"-329,4611";"358,6435";"-268,0738";"318,0864";"-438,5581";"329,3086";"-329,4611";"358,6435";"-268,0738";"318,0864";"-438,5581"
"6,5800";"367,9169";"-386,4820";"364,7253";"-272,0358";"372,3938";"-500,4707";"367,9169";"-386,4820";"364,7253";"-272,0358";"372,3938";"-500,4707";"328,4267";"-335,0037";"356,9313";"-268,2061";"317,9900";"-444,5015";"328,4267";"-335,0037";"356,9313";"-268,2061";"317,9900";"-444,5015"
"6,6000";"366,0614";"-386,2376";"363,0326";"-272,0069";"370,4912";"-500,3359";"366,0614";"-386,2376";"363,0326";"-272,0069";"370,4912";"-500,3359";"328,2870";"-340,9898";"355,3154";"-268,2827";"318,2498";"-451,3665";"328,2870";"-340,9898";"355,3154";"-268,2827";"318,2498";"-451,3665"
"6,6200";"364,3531";"-386,1864";"361,1358";"-271,7878";"368,8326";"-500,1521";"364,3531";"-386,1864";"361,1358";"-271,7878";"368,8326";"-500,1521";"328,2160";"-347,8859";"353,4013";"-268,3334";"319,0237";"-459,0880";"328,2160";"-347,8859";"353,4013";"-268,3334";"319,0237";"-459,0880"
"6,6400";"362,8493";"-386,0960";"359,4368";"-271,3876";"367,0470";"-499,9342";"362,8493";"-386,0960";"359,4368";"-271,3876";"367,0470";"-499,9342";"328,6113";"-354,9430";"351,5859";"-268,5247";"320,1989";"-466,9962";"328,6113";"-354,9430";"351,5859";"-268,5247";"320,1989";"-466,9962"
"6,6600";"361,1510";"-385,6939";"357,6983";"-271,0895";"365,3157";"-499,8218";"361,1510";"-385,6939";"357,6983";"-271,0895";"365,3157";"-499,8218";"329,3824";"-362,0152";"350,1443";"-268,9563";"321,8814";"-474,6463";"329,3824";"-362,0152";"350,1443";"-268,9563";"321,8814";"-474,6463"
"6,6800";"359,4508";"-385,6654";"355,8472";"-270,7190";"363,4206";"-499,5745";"359,4508";"-385,6654";"355,8472";"-270,7190";"363,4206";"-499,5745";"330,7055";"-368,4441";"348,3170";"-269,3545";"324,0215";"-481,7609";"330,7055";"-368,4441";"348,3170";"-269,3545";"324,0215";"-481,7609"
"6,7000";"357,8802";"-385,5943";"354,1776";"-270,3734";"361,5502";"-499,2371";"357,8802";"-385,5943";"354,1776";"-270,3734";"361,5502";"-499,2371";"332,2401";"-374,5893";"346,5314";"-269,3996";"326,5389";"-488,2263";"332,2401";"-374,5893";"346,5314";"-269,3996";"326,5389";"-488,2263"
"6,7200";"356,2205";"-385,3644";"352,5747";"-270,1420";"359,6071";"-499,0317";"356,2205";"-385,3644";"352,5747";"-270,1420";"359,6071";"-499,0317";"334,2649";"-379,3260";"344,8456";"-269,6296";"329,4931";"-493,4096";"334,2649";"-379,3260";"344,8456";"-269,6296";"329,4931";"-493,4096"
"6,7400";"354,2686";"-384,7914";"351,0097";"-270,1120";"357,7104";"-498,8978";"354,2686";"-384,7914";"351,0097";"-270,1120";"357,7104";"-498,8978";"336,3378";"-382,8141";"343,1939";"-269,8510";"332,6335";"-497,0654";"336,3378";"-382,8141";"343,1939";"-269,8510";"332,6335";"-497,0654"
"6,7600";"352,6072";"-384,5579";"349,3227";"-270,0340";"355,7752";"-498,6720";"352,6072";"-384,5579";"349,3227";"-270,0340";"355,7752";"-498,6720";"338,2120";"-384,8296";"341,3091";"-269,9985";"336,0164";"-499,4618";"338,2120";"-384,8296";"341,3091";"-269,9985";"336,0164";"-499,4618"
"6,7800";"350,9046";"-384,0528";"347,7516";"-270,0383";"354,0532";"-498,5504";"350,9046";"-384,0528";"347,7516";"-270,0383";"354,0532";"-498,5504";"336,2705";"-385,0418";"339,6526";"-270,1920";"333,4799";"-499,4611";"336,2705";"-385,0418";"339,6526";"-270,1920";"333,4799";"-499,4611"
"6,8000";"348,9942";"-383,6803";"345,9593";"-269,9727";"352,3415";"-498,4353";"348,9942";"-383,6803";"345,9593";"-269,9727";"352,3415";"-498,4353";"333,9278";"-384,8022";"337,8331";"-270,4928";"331,1780";"-499,2197";"333,9278";"-384,8022";"337,8331";"-270,4928";"331,1780";"-499,2197"
"6,8200";"347,2194";"-383,4967";"344,3242";"-269,6425";"350,5326";"-498,2621";"347,2194";"-383,4967";"344,3242";"-269,6425";"350,5326";"-498,2621";"331,7976";"-384,7668";"336,1233";"-270,8166";"328,6205";"-499,0466";"331,7976";"-384,7668";"336,1233";"-270,8166";"328,6205";"-499,0466"
"6,8400";"345,7108";"-383,4685";"342,5638";"-269,2947";"348,8988";"-498,1774";"345,7108";"-383,4685";"342,5638";"-269,2947";"348,8988";"-498,1774";"329,6730";"-384,6164";"334,1564";"-270,9648";"326,1072";"-498,9785";"329,6730";"-384,6164";"334,1564";"-270,9648";"326,1072";"-498,9785"
"6,8600";"343,7926";"-383,1658";"340,9760";"-268,9460";"346,9429";"-497,9546";"343,7926";"-383,1658";"340,9760";"-268,9460";"346,9429";"-497,9546";"327,7173";"-384,3157";"332,5260";"-271,2109";"323,7985";"-498,7729";"327,7173";"-384,3157";"332,5260";"-271,2109";"323,7985";"-498,7729"
"6,8800";"342,1205";"-383,0292";"339,4331";"-268,5585";"345,0891";"-497,6463";"342,1205";"-383,0292";"339,4331";"-268,5585";"345,0891";"-497,6463";"325,4309";"-384,2182";"330,8840";"-271,3349";"321,5597";"-498,6877";"325,4309";"-384,2182";"330,8840";"-271,3349";"321,5597";"-498,6877"
"6,9000";"340,5494";"-382,8030";"337,9243";"-268,2363";"343,1423";"-497,5710";"340,5494";"-382,8030";"337,9243";"-268,2363";"343,1423";"-497,5710";"323,4250";"-384,1483";"329,2292";"-271,4725";"319,0412";"-498,6924";"323,4250";"-384,1483";"329,2292";"-271,4725";"319,0412";"-498,6924"
"6,9200";"338,8122";"-382,5555";"336,1152";"-268,1477";"341,2681";"-497,3671";"338,8122";"-382,5555";"336,1152";"-268,1477";"341,2681";"-497,3671";"321,2856";"-384,0401";"327,6313";"-271,5430";"316,6519";"-498,6234";"321,2856";"-384,0401";"327,6313";"-271,5430";"316,6519";"-498,6234"
"6,9400";"337,0307";"-382,3633";"334,4033";"-267,9014";"339,2669";"-497,2260";"337,0307";"-382,3633";"334,4033";"-267,9014";"339,2669";"-497,2260";"319,3700";"-383,9663";"326,1230";"-271,8818";"314,4844";"-498,5152";"319,3700";"-383,9663";"326,1230";"-271,8818";"314,4844";"-498,5152"
"6,9600";"335,5685";"-382,3103";"332,6514";"-267,7203";"337,4150";"-497,2373";"335,5685";"-382,3103";"332,6514";"-267,7203";"337,4150";"-497,2373";"317,1953";"-384,0441";"324,3170";"-272,0033";"312,1636";"-498,2401";"317,1953";"-384,0441";"324,3170";"-272,0033";"312,1636";"-498,2401"
"6,9800";"335,8010";"-381,4604";"330,8009";"-267,5450";"337,1772";"-496,4304";"335,8010";"-381,4604";"330,8009";"-267,5450";"337,1772";"-496,4304";"315,2607";"-384,1101";"322,7977";"-272,0475";"309,7283";"-498,0998";"315,2607";"-384,1101";"322,7977";"-272,0475";"309,7283";"-498,0998"
"7,0000";"334,9980";"-380,8275";"328,9055";"-267,4987";"336,8882";"-495,7497";"334,9980";"-380,8275";"328,9055";"-267,4987";"336,8882";"-495,7497";"313,4905";"-384,0699";"321,1819";"-272,1424";"307,6406";"-497,8945";"313,4905";"-384,0699";"321,1819";"-272,1424";"307,6406";"-497,8945"
"7,0200";"334,1540";"-380,1519";"327,2431";"-267,3998";"336,7684";"-495,0686";"334,1540";"-380,1519";"327,2431";"-267,3998";"336,7684";"-495,0686";"311,5794";"-383,9877";"319,4744";"-272,3596";"305,6968";"-497,5639";"311,5794";"-383,9877";"319,4744";"-272,3596";"305,6968";"-497,5639"
"7,0400";"333,3807";"-379,7333";"325,6266";"-267,3127";"336,5087";"-494,3117";"333,3807";"-379,7333";"325,6266";"-267,3127";"336,5087";"-494,3117";"309,5062";"-384,0024";"317,7229";"-272,2683";"303,5768";"-497,3407";"309,5062";"-384,0024";"317,7229";"-272,2683";"303,5768";"-497,3407"
"7,0600";"332,3255";"-379,1721";"323,8937";"-267,1901";"336,1994";"-493,5132";"332,3255";"-379,1721";"323,8937";"-267,1901";"336,1994";"-493,5132";"307,6396";"-383,9683";"315,9650";"-272,3387";"301,5110";"-497,1474";"307,6396";"-383,9683";"315,9650";"-272,3387";"301,5110";"-497,1474"
"7,0800";"331,4510";"-378,5087";"322,0571";"-267,0747";"335,6515";"-492,7974";"331,4510";"-378,5087";"322,0571";"-267,0747";"335,6515";"-492,7974";"305,6079";"-383,8121";"314,1460";"-272,4549";"299,6091";"-496,7384";"305,6079";"-383,8121";"314,1460";"-272,4549";"299,6091";"-496,7384"
"7,1000";"330,4863";"-378,1225";"320,4096";"-266,9412";"335,0887";"-492,2010";"330,4863";"-378,1225";"320,4096";"-266,9412";"335,0887";"-492,2010";"309,4191";"-387,2948";"312,4059";"-272,5173";"303,2795";"-499,8344";"309,4191";"-387,2948";"312,4059";"-272,5173";"303,2795";"-499,8344"
"7,1200";"329,3932";"-377,6790";"318,7063";"-266,9375";"334,2164";"-491,6629";"329,3932";"-377,6790";"318,7063";"-266,9375";"334,2164";"-491,6629";"307,5821";"-387,3517";"310,8145";"-272,4086";"301,3697";"-499,9959";"307,5821";"-387,3517";"310,8145";"-272,4086";"301,3697";"-499,9959"
"7,1400";"328,0650";"-377,3055";"316,8792";"-267,0110";"333,2490";"-490,9608";"328,0650";"-377,3055";"316,8792";"-267,0110";"333,2490";"-490,9608";"306,0035";"-387,2917";"309,0132";"-272,4495";"299,6015";"-500,0716";"306,0035";"-387,2917";"309,0132";"-272,4495";"299,6015";"-500,0716"
"7,1600";"326,8770";"-377,0227";"315,1845";"-266,9912";"332,1731";"-490,6500";"326,8770";"-377,0227";"315,1845";"-266,9912";"332,1731";"-490,6500";"304,2424";"-387,0490";"307,3986";"-272,4385";"297,8242";"-500,0679";"304,2424";"-387,0490";"307,3986";"-272,4385";"297,8242";"-500,0679"
"7,1800";"325,5402";"-376,8263";"313,5738";"-267,0762";"331,1287";"-490,3879";"325,5402";"-376,8263";"313,5738";"-267,0762";"331,1287";"-490,3879";"302,6107";"-387,0090";"305,5782";"-272,1576";"296,0281";"-500,2722";"302,6107";"-387,0090";"305,5782";"-272,1576";"296,0281";"-500,2722"
"7,2000";"323,9839";"-376,6930";"312,0461";"-267,1300";"329,8433";"-490,0993";"323,9839";"-376,6930";"312,0461";"-267,1300";"329,8433";"-490,0993";"300,9288";"-386,8017";"304,0706";"-272,1993";"294,4398";"-500,3563";"300,9288";"-386,8017";"304,0706";"-272,1993";"294,4398";"-500,3563"
"7,2200";"322,3081";"-376,6680";"310,4011";"-267,2470";"328,4618";"-490,0264";"322,3081";"-376,6680";"310,4011";"-267,2470";"328,4618";"-490,0264";"299,3236";"-386,7823";"302,1880";"-272,2248";"292,7428";"-500,0921";"299,3236";"-386,7823";"302,1880";"-272,2248";"292,7428";"-500,0921"
"7,2400";"320,8680";"-376,4478";"308,6958";"-267,3311";"326,9117";"-490,1485";"320,8680";"-376,4478";"308,6958";"-267,3311";"326,9117";"-490,1485";"297,3406";"-386,7544";"300,6847";"-272,0491";"290,9515";"-499,9918";"297,3406";"-386,7544";"300,6847";"-272,0491";"290,9515";"-499,9918"
"7,2600";"319,0558";"-376,5058";"307,0181";"-267,5056";"325,1555";"-490,1216";"319,0558";"-376,5058";"307,0181";"-267,5056";"325,1555";"-490,1216";"295,6673";"-386,7884";"298,8985";"-271,9904";"289,3230";"-499,6760";"295,6673";"-386,7884";"298,8985";"-271,9904";"289,3230";"-499,6760"
"7,2800";"317,1280";"-376,9048";"305,2114";"-267,7262";"322,9662";"-490,2835";"317,1280";"-376,9048";"305,2114";"-267,7262";"322,9662";"-490,2835";"294,1111";"-386,6499";"297,2729";"-272,0795";"287,6951";"-499,3734";"294,1111";"-386,6499";"297,2729";"-272,0795";"287,6951";"-499,3734"
"7,3000";"315,1788";"-377,4684";"303,5306";"-267,9069";"320,8634";"-490,7505";"315,1788";"-377,4684";"303,5306";"-267,9069";"320,8634";"-490,7505";"292,3830";"-386,4713";"295,5591";"-271,7630";"286,0877";"-499,0329";"292,3830";"-386,4713";"295,5591";"-271,7630";"286,0877";"-499,0329"
"7,3200";"313,1792";"-378,0387";"301,7295";"-268,0138";"318,4185";"-491,3318";"313,1792";"-378,0387";"301,7295";"-268,0138";"318,4185";"-491,3318";"290,6628";"-386,2438";"293,8668";"-271,5425";"284,2806";"-498,9398";"290,6628";"-386,2438";"293,8668";"-271,5425";"284,2806";"-498,9398"
"7,3400";"310,9910";"-378,6839";"299,9902";"-268,2518";"316,0655";"-492,2220";"310,9910";"-378,6839";"299,9902";"-268,2518";"316,0655";"-492,2220";"289,0310";"-386,0291";"292,2373";"-271,5905";"282,8379";"-498,6946";"289,0310";"-386,0291";"292,2373";"-271,5905";"282,8379";"-498,6946"
"7,3600";"308,8225";"-379,4289";"298,4612";"-268,5226";"313,4806";"-493,2029";"308,8225";"-379,4289";"298,4612";"-268,5226";"313,4806";"-493,2029";"287,3809";"-385,8027";"290,6834";"-271,1510";"281,1747";"-498,8083";"287,3809";"-385,8027";"290,6834";"-271,1510";"281,1747";"-498,8083"
"7,3800";"306,4478";"-380,0433";"296,9712";"-268,7417";"310,8209";"-494,1398";"306,4478";"-380,0433";"296,9712";"-268,7417";"310,8209";"-494,1398";"285,7447";"-385,6093";"288,9565";"-270,9406";"279,6352";"-498,9015";"285,7447";"-385,6093";"288,9565";"-270,9406";"279,6352";"-498,9015"
"7,4000";"304,1056";"-380,6678";"295,1525";"-268,9991";"307,8830";"-495,1077";"304,1056";"-380,6678";"295,1525";"-268,9991";"307,8830";"-495,1077";"283,9568";"-385,6024";"287,1219";"-270,8577";"278,0946";"-498,9088";"283,9568";"-385,6024";"287,1219";"-270,8577";"278,0946";"-498,9088"
"7,4200";"301,6247";"-381,2948";"293,3814";"-269,2550";"305,0117";"-495,9544";"301,6247";"-381,2948";"293,3814";"-269,2550";"305,0117";"-495,9544";"282,1257";"-385,3892";"285,2373";"-270,7317";"276,7677";"-498,9458";"282,1257";"-385,3892";"285,2373";"-270,7317";"276,7677";"-498,9458"
"7,4400";"299,1306";"-382,0220";"291,7468";"-269,4518";"301,8584";"-496,5325";"299,1306";"-382,0220";"291,7468";"-269,4518";"301,8584";"-496,5325";"280,5530";"-385,2611";"283,4696";"-270,4876";"275,1587";"-498,9381";"280,5530";"-385,2611";"283,4696";"-270,4876";"275,1587";"-498,9381"
"7,4600";"296,4880";"-382,5725";"289,8501";"-269,7433";"298,7577";"-497,2414";"296,4880";"-382,5725";"289,8501";"-269,7433";"298,7577";"-497,2414";"278,8407";"-385,1308";"281,7474";"-270,5600";"273,7298";"-498,8332";"278,8407";"-385,1308";"281,7474";"-270,5600";"273,7298";"-498,8332"
"7,4800";"293,9961";"-383,3001";"288,2618";"-269,8025";"295,6805";"-498,0840";"293,9961";"-383,3001";"288,2618";"-269,8025";"295,6805";"-498,0840";"277,0367";"-384,9094";"280,0607";"-270,4307";"272,3928";"-498,6773";"277,0367";"-384,9094";"280,0607";"-270,4307";"272,3928";"-498,6773"
"7,5000";"289,4125";"-384,5212";"286,5315";"-270,1086";"291,2284";"-499,4446";"289,4125";"-384,5212";"286,5315";"-270,1086";"291,2284";"-499,4446";"275,3440";"-384,5371";"278,3450";"-270,3235";"270,8557";"-498,5804";"275,3440";"-384,5371";"278,3450";"-270,3235";"270,8557";"-498,5804"
"7,5200";"288,1142";"-384,6999";"285,0220";"-270,3342";"289,9847";"-499,4880";"288,1142";"-384,6999";"285,0220";"-270,3342";"289,9847";"-499,4880";"273,7556";"-384,3561";"276,8531";"-270,0685";"269,3161";"-498,2727";"273,7556";"-384,3561";"276,8531";"-270,0685";"269,3161";"-498,2727"
"7,5400";"286,7317";"-384,8463";"283,2979";"-270,6040";"288,9307";"-499,7757";"286,7317";"-384,8463";"283,2979";"-270,6040";"288,9307";"-499,7757";"271,9870";"-384,0337";"275,1785";"-269,7372";"267,8940";"-498,1605";"271,9870";"-384,0337";"275,1785";"-269,7372";"267,8940";"-498,1605"
"7,5600";"285,4800";"-385,1034";"281,7640";"-270,8121";"287,7899";"-499,7939";"285,4800";"-385,1034";"281,7640";"-270,8121";"287,7899";"-499,7939";"270,3282";"-384,0106";"273,4682";"-269,5896";"266,3389";"-498,1350";"270,3282";"-384,0106";"273,4682";"-269,5896";"266,3389";"-498,1350"
"7,5800";"284,2060";"-385,1618";"279,9107";"-271,2118";"286,5636";"-499,8324";"284,2060";"-385,1618";"279,9107";"-271,2118";"286,5636";"-499,8324";"268,4287";"-383,7213";"271,8370";"-269,2142";"264,9000";"-498,0504";"268,4287";"-383,7213";"271,8370";"-269,2142";"264,9000";"-498,0504"
"7,6000";"283,0606";"-385,1258";"278,0991";"-271,5596";"285,4082";"-499,5768";"283,0606";"-385,1258";"278,0991";"-271,5596";"285,4082";"-499,5768";"266,9220";"-383,3938";"270,0510";"-268,9087";"263,4464";"-497,9563";"266,9220";"-383,3938";"270,0510";"-268,9087";"263,4464";"-497,9563"
"7,6200";"281,6295";"-385,1927";"276,1506";"-271,8624";"284,3310";"-499,6231";"281,6295";"-385,1927";"276,1506";"-271,8624";"284,3310";"-499,6231";"265,2886";"-383,2124";"268,3789";"-268,7262";"262,0192";"-497,9535";"265,2886";"-383,2124";"268,3789";"-268,7262";"262,0192";"-497,9535"
"7,6400";"280,1707";"-385,2802";"274,4582";"-272,0250";"283,1034";"-499,5913";"280,1707";"-385,2802";"274,4582";"-272,0250";"283,1034";"-499,5913";"263,7154";"-383,1189";"266,6199";"-268,6029";"260,3944";"-497,8946";"263,7154";"-383,1189";"266,6199";"-268,6029";"260,3944";"-497,8946"
"7,6600";"278,6684";"-385,1801";"272,5802";"-272,2044";"281,8944";"-499,7088";"278,6684";"-385,1801";"272,5802";"-272,2044";"281,8944";"-499,7088";"262,1353";"-382,6146";"264,9439";"-268,3492";"259,1654";"-497,6749";"262,1353";"-382,6146";"264,9439";"-268,3492";"259,1654";"-497,6749"
"7,6800";"277,1325";"-385,1352";"271,0234";"-272,4346";"280,6603";"-499,5072";"277,1325";"-385,1352";"271,0234";"-272,4346";"280,6603";"-499,5072";"260,6955";"-382,5150";"263,3109";"-268,3339";"257,6103";"-497,6019";"260,6955";"-382,5150";"263,3109";"-268,3339";"257,6103";"-497,6019"
"7,7000";"275,6435";"-385,2797";"269,5116";"-272,4045";"279,4607";"-499,7574";"275,6435";"-385,2797";"269,5116";"-272,4045";"279,4607";"-499,7574";"258,8932";"-382,4040";"261,7686";"-268,2195";"256,2082";"-497,5166";"258,8932";"-382,4040";"261,7686";"-268,2195";"256,2082";"-497,5166"
"7,7200";"274,2121";"-385,2185";"268,0070";"-272,3790";"278,0634";"-499,6271";"274,2121";"-385,2185";"268,0070";"-272,3790";"278,0634";"-499,6271";"257,1068";"-382,2574";"259,9112";"-267,9581";"254,9037";"-497,4017";"257,1068";"-382,2574";"259,9112";"-267,9581";"254,9037";"-497,4017"
"7,7400";"272,7562";"-385,1444";"266,3847";"-272,5471";"276,6730";"-499,3362";"272,7562";"-385,1444";"266,3847";"-272,5471";"276,6730";"-499,3362";"250,5367";"-379,6950";"258,2551";"-267,9971";"246,6209";"-494,1778";"250,5367";"-379,6950";"258,2551";"-267,9971";"246,6209";"-494,1778"
"7,7600";"271,3553";"-385,2088";"264,7011";"-272,6685";"275,2107";"-499,2207";"271,3553";"-385,2088";"264,7011";"-272,6685";"275,2107";"-499,2207";"244,9734";"-376,1030";"256,4806";"-267,7646";"239,9053";"-490,1990";"244,9734";"-376,1030";"256,4806";"-267,7646";"239,9053";"-490,1990"
"7,7800";"269,8381";"-385,1651";"262,6141";"-272,8076";"273,8806";"-499,3898";"269,8381";"-385,1651";"262,6141";"-272,8076";"273,8806";"-499,3898";"239,6506";"-371,0492";"254,6302";"-267,6847";"233,5646";"-484,5916";"239,6506";"-371,0492";"254,6302";"-267,6847";"233,5646";"-484,5916"
"7,8000";"268,2921";"-385,0040";"260,7747";"-272,7002";"272,5772";"-499,1512";"268,2921";"-385,0040";"260,7747";"-272,7002";"272,5772";"-499,1512";"234,7384";"-365,0800";"252,9252";"-267,6294";"227,7302";"-478,0058";"234,7384";"-365,0800";"252,9252";"-267,6294";"227,7302";"-478,0058"
"7,8200";"266,7301";"-385,0613";"259,0871";"-272,9088";"271,1774";"-499,0508";"266,7301";"-385,0613";"259,0871";"-272,9088";"271,1774";"-499,0508";"230,1437";"-358,3610";"251,2518";"-267,5766";"222,3033";"-470,7907";"230,1437";"-358,3610";"251,2518";"-267,5766";"222,3033";"-470,7907"
"7,8400";"265,1280";"-384,9336";"257,1463";"-273,0522";"269,6054";"-499,2557";"265,1280";"-384,9336";"257,1463";"-273,0522";"269,6054";"-499,2557";"226,1906";"-351,3377";"249,5425";"-267,3963";"217,3364";"-463,0833";"226,1906";"-351,3377";"249,5425";"-267,3963";"217,3364";"-463,0833"
"7,8600";"258,8421";"-387,3832";"255,4898";"-273,2179";"263,4481";"-501,5533";"258,8421";"-387,3832";"255,4898";"-273,2179";"263,4481";"-501,5533";"222,6048";"-344,3643";"247,7820";"-267,3951";"212,7753";"-455,3698";"222,6048";"-344,3643";"247,7820";"-267,3951";"212,7753";"-455,3698"
"7,8800";"257,1388";"-387,3297";"254,0686";"-273,1915";"261,8741";"-501,4117";"257,1388";"-387,3297";"254,0686";"-273,1915";"261,8741";"-501,4117";"219,2005";"-338,0397";"246,2867";"-267,4289";"208,7617";"-448,3062";"219,2005";"-338,0397";"246,2867";"-267,4289";"208,7617";"-448,3062"
"7,9000";"255,4539";"-387,3772";"252,3247";"-273,5103";"260,2628";"-501,4764";"255,4539";"-387,3772";"252,3247";"-273,5103";"260,2628";"-501,4764";"216,1639";"-332,2530";"244,5591";"-267,5890";"205,1122";"-441,8301";"216,1639";"-332,2530";"244,5591";"-267,5890";"205,1122";"-441,8301"
"7,9200";"254,0111";"-387,2977";"250,6105";"-273,4459";"258,5674";"-501,4106";"254,0111";"-387,2977";"250,6105";"-273,4459";"258,5674";"-501,4106";"213,6259";"-327,4389";"242,8628";"-267,8193";"201,8999";"-436,3090";"213,6259";"-327,4389";"242,8628";"-267,8193";"201,8999";"-436,3090"
"7,9400";"252,4188";"-387,3919";"249,1173";"-273,2885";"256,9512";"-501,3581";"252,4188";"-387,3919";"249,1173";"-273,2885";"256,9512";"-501,3581";"211,1359";"-323,6434";"241,1458";"-267,9589";"199,2806";"-432,2034";"211,1359";"-323,6434";"241,1458";"-267,9589";"199,2806";"-432,2034"
"7,9600";"250,6989";"-387,3751";"247,4099";"-273,0939";"255,3016";"-501,3180";"250,6989";"-387,3751";"247,4099";"-273,0939";"255,3016";"-501,3180";"208,7317";"-321,2186";"239,4898";"-268,0029";"197,0184";"-429,5562";"208,7317";"-321,2186";"239,4898";"-268,0029";"197,0184";"-429,5562"
"7,9800";"248,8873";"-387,4759";"245,8263";"-272,9861";"253,5242";"-501,2263";"248,8873";"-387,4759";"245,8263";"-272,9861";"253,5242";"-501,2263";"206,8624";"-320,1017";"237,6141";"-268,0704";"195,0726";"-428,2171";"206,8624";"-320,1017";"237,6141";"-268,0704";"195,0726";"-428,2171"
"8,0000";"247,1112";"-387,5555";"244,1469";"-272,7894";"251,5879";"-501,0417";"247,1112";"-387,5555";"244,1469";"-272,7894";"251,5879";"-501,0417";"205,0991";"-320,4313";"235,9582";"-268,1175";"193,4279";"-428,6729";"205,0991";"-320,4313";"235,9582";"-268,1175";"193,4279";"-428,6729"
"8,0200";"245,1551";"-387,6142";"242,4581";"-272,5477";"249,8377";"-500,9316";"245,1551";"-387,6142";"242,4581";"-272,5477";"249,8377";"-500,9316";"203,5755";"-322,2105";"234,2371";"-268,0630";"192,0575";"-430,5433";"203,5755";"-322,2105";"234,2371";"-268,0630";"192,0575";"-430,5433"
"8,0400";"243,3263";"-387,4478";"240,6909";"-272,4315";"248,1161";"-500,7627";"243,3263";"-387,4478";"240,6909";"-272,4315";"248,1161";"-500,7627";"202,3603";"-325,2111";"232,4537";"-268,0334";"190,9373";"-433,7850";"202,3603";"-325,2111";"232,4537";"-268,0334";"190,9373";"-433,7850"
"8,0600";"241,6182";"-387,3023";"239,0354";"-272,2602";"246,3703";"-500,4835";"241,6182";"-387,3023";"239,0354";"-272,2602";"246,3703";"-500,4835";"201,5406";"-329,3663";"230,8847";"-268,1441";"190,4284";"-438,3992";"201,5406";"-329,3663";"230,8847";"-268,1441";"190,4284";"-438,3992"
"8,0800";"239,9875";"-387,0343";"237,1336";"-272,0833";"244,6582";"-500,2296";"239,9875";"-387,0343";"237,1336";"-272,0833";"244,6582";"-500,2296";"200,8672";"-334,5777";"229,2450";"-268,2056";"190,3928";"-444,1848";"200,8672";"-334,5777";"229,2450";"-268,2056";"190,3928";"-444,1848"
"8,1000";"238,3715";"-386,5934";"235,5770";"-271,7667";"242,9190";"-500,0002";"238,3715";"-386,5934";"235,5770";"-271,7667";"242,9190";"-500,0002";"200,4616";"-340,8390";"227,3458";"-268,1468";"190,7652";"-450,9078";"200,4616";"-340,8390";"227,3458";"-268,1468";"190,7652";"-450,9078"
"8,1200";"236,8383";"-386,2288";"233,9138";"-271,7125";"241,2374";"-500,0338";"236,8383";"-386,2288";"233,9138";"-271,7125";"241,2374";"-500,0338";"200,6110";"-347,4672";"225,7266";"-268,4832";"191,4720";"-458,2719";"200,6110";"-347,4672";"225,7266";"-268,4832";"191,4720";"-458,2719"
"8,1400";"235,2123";"-385,9246";"232,1103";"-271,4010";"239,5344";"-499,8287";"235,2123";"-385,9246";"232,1103";"-271,4010";"239,5344";"-499,8287";"201,0410";"-354,6530";"224,1802";"-268,6868";"192,7356";"-466,0645";"201,0410";"-354,6530";"224,1802";"-268,6868";"192,7356";"-466,0645"
"8,1600";"233,4703";"-385,6021";"230,3124";"-271,1785";"237,7374";"-499,8491";"233,4703";"-385,6021";"230,3124";"-271,1785";"237,7374";"-499,8491";"201,8121";"-361,8096";"222,4570";"-269,0285";"194,4277";"-473,6925";"201,8121";"-361,8096";"222,4570";"-269,0285";"194,4277";"-473,6925"
"8,1800";"231,8898";"-385,2280";"228,5565";"-270,9981";"235,8707";"-499,5944";"231,8898";"-385,2280";"228,5565";"-270,9981";"235,8707";"-499,5944";"203,1369";"-368,4764";"220,7968";"-269,2888";"196,4669";"-481,1443";"203,1369";"-368,4764";"220,7968";"-269,2888";"196,4669";"-481,1443"
"8,2000";"230,1132";"-385,0719";"226,8065";"-270,7109";"234,1756";"-499,2563";"230,1132";"-385,0719";"226,8065";"-270,7109";"234,1756";"-499,2563";"204,7623";"-374,2657";"219,2519";"-269,5863";"198,8491";"-487,6353";"204,7623";"-374,2657";"219,2519";"-269,5863";"198,8491";"-487,6353"
"8,2200";"228,3712";"-384,8362";"225,0744";"-270,3250";"232,5491";"-498,7865";"228,3712";"-384,8362";"225,0744";"-270,3250";"232,5491";"-498,7865";"206,5623";"-379,1587";"217,4738";"-269,5965";"201,7477";"-493,2340";"206,5623";"-379,1587";"217,4738";"-269,5965";"201,7477";"-493,2340"
"8,2400";"226,5489";"-384,5384";"223,5761";"-270,1524";"230,7885";"-498,5287";"226,5489";"-384,5384";"223,5761";"-270,1524";"230,7885";"-498,5287";"208,6910";"-382,6381";"215,7304";"-269,8176";"205,0753";"-497,3300";"208,6910";"-382,6381";"215,7304";"-269,8176";"205,0753";"-497,3300"
"8,2600";"224,9164";"-384,1249";"222,0284";"-269,8780";"229,0245";"-498,1896";"224,9164";"-384,1249";"222,0284";"-269,8780";"229,0245";"-498,1896";"210,6703";"-384,5667";"213,9176";"-270,0096";"208,6825";"-499,8677";"210,6703";"-384,5667";"213,9176";"-270,0096";"208,6825";"-499,8677"
"8,2800";"223,1414";"-383,9716";"220,4611";"-269,6249";"227,2540";"-498,0217";"223,1414";"-383,9716";"220,4611";"-269,6249";"227,2540";"-498,0217";"208,4173";"-384,4870";"212,1529";"-270,2973";"206,3831";"-499,6582";"208,4173";"-384,4870";"212,1529";"-270,2973";"206,3831";"-499,6582"
"8,3000";"221,5513";"-383,6313";"218,7675";"-269,4057";"225,3129";"-497,9893";"221,5513";"-383,6313";"218,7675";"-269,4057";"225,3129";"-497,9893";"206,5641";"-384,6161";"210,3959";"-270,6786";"203,8342";"-499,5060";"206,5641";"-384,6161";"210,3959";"-270,6786";"203,8342";"-499,5060"
"8,3200";"219,8168";"-383,3995";"217,0743";"-269,2344";"223,3288";"-498,0456";"219,8168";"-383,3995";"217,0743";"-269,2344";"223,3288";"-498,0456";"204,4596";"-384,5131";"208,6398";"-270,9904";"201,4516";"-499,2549";"204,4596";"-384,5131";"208,6398";"-270,9904";"201,4516";"-499,2549"
"8,3400";"218,2402";"-383,2618";"215,3914";"-269,1972";"221,3839";"-497,8543";"218,2402";"-383,2618";"215,3914";"-269,1972";"221,3839";"-497,8543";"202,3483";"-384,6164";"206,9119";"-271,0194";"199,0228";"-499,1540";"202,3483";"-384,6164";"206,9119";"-271,0194";"199,0228";"-499,1540"
"8,3600";"216,3935";"-383,3896";"213,5047";"-269,0338";"219,5160";"-497,6984";"216,3935";"-383,3896";"213,5047";"-269,0338";"219,5160";"-497,6984";"200,2077";"-384,6213";"205,1653";"-271,1857";"196,4283";"-498,9623";"200,2077";"-384,6213";"205,1653";"-271,1857";"196,4283";"-498,9623"
"8,3800";"214,7308";"-383,0592";"211,7123";"-268,7695";"217,6910";"-497,6438";"214,7308";"-383,0592";"211,7123";"-268,7695";"217,6910";"-497,6438";"198,2026";"-384,6293";"203,3133";"-271,1839";"193,9418";"-498,9291";"198,2026";"-384,6293";"203,3133";"-271,1839";"193,9418";"-498,9291"
"8,4000";"213,0261";"-383,0123";"209,8746";"-268,5547";"215,8523";"-497,4524";"213,0261";"-383,0123";"209,8746";"-268,5547";"215,8523";"-497,4524";"195,8750";"-384,4548";"201,5562";"-271,2304";"191,6978";"-498,6991";"195,8750";"-384,4548";"201,5562";"-271,2304";"191,6978";"-498,6991"
"8,4200";"211,2705";"-382,7965";"208,3858";"-268,3731";"213,8891";"-497,1376";"211,2705";"-382,7965";"208,3858";"-268,3731";"213,8891";"-497,1376";"193,7920";"-384,3888";"199,9816";"-271,4116";"189,4352";"-498,6231";"193,7920";"-384,3888";"199,9816";"-271,4116";"189,4352";"-498,6231"
"8,4400";"209,5949";"-382,5680";"206,6159";"-268,0823";"211,8691";"-496,9402";"209,5949";"-382,5680";"206,6159";"-268,0823";"211,8691";"-496,9402";"191,7212";"-384,0254";"198,4132";"-271,7753";"187,0602";"-498,4173";"191,7212";"-384,0254";"198,4132";"-271,7753";"187,0602";"-498,4173"
"8,4600";"208,1072";"-382,1716";"204,9763";"-267,8055";"209,9044";"-496,9389";"208,1072";"-382,1716";"204,9763";"-267,8055";"209,9044";"-496,9389";"189,6196";"-383,8684";"196,9321";"-271,8785";"184,7394";"-498,1719";"189,6196";"-383,8684";"196,9321";"-271,8785";"184,7394";"-498,1719"
"8,4800";"208,5304";"-381,4288";"203,1747";"-267,4735";"209,4512";"-496,0273";"208,5304";"-381,4288";"203,1747";"-267,4735";"209,4512";"-496,0273";"187,5555";"-383,7239";"195,4288";"-272,1308";"182,4143";"-497,9653";"187,5555";"-383,7239";"195,4288";"-272,1308";"182,4143";"-497,9653"
"8,5000";"207,7427";"-380,8255";"201,4930";"-267,3644";"209,1271";"-495,5782";"207,7427";"-380,8255";"201,4930";"-267,3644";"209,1271";"-495,5782";"185,7279";"-383,6393";"194,0088";"-272,3102";"180,2974";"-497,8534";"185,7279";"-383,6393";"194,0088";"-272,3102";"180,2974";"-497,8534"
"8,5200";"206,8965";"-380,1714";"199,5103";"-267,1472";"208,8990";"-494,9502";"206,8965";"-380,1714";"199,5103";"-267,1472";"208,8990";"-494,9502";"183,8260";"-383,7192";"192,3564";"-272,3289";"178,2357";"-497,7212";"183,8260";"-383,7192";"192,3564";"-272,3289";"178,2357";"-497,7212"
"8,5400";"205,8719";"-379,5441";"197,8896";"-266,9575";"208,7103";"-494,4270";"205,8719";"-379,5441";"197,8896";"-266,9575";"208,7103";"-494,4270";"181,8691";"-383,8611";"190,4399";"-272,3991";"176,1423";"-497,5601";"181,8691";"-383,8611";"190,4399";"-272,3991";"176,1423";"-497,5601"
"8,5600";"204,7592";"-379,0217";"196,3547";"-266,9648";"208,2477";"-493,6505";"204,7592";"-379,0217";"196,3547";"-266,9648";"208,2477";"-493,6505";"179,8756";"-383,8298";"188,6336";"-272,4362";"174,0717";"-497,4428";"179,8756";"-383,8298";"188,6336";"-272,4362";"174,0717";"-497,4428"
"8,5800";"203,7296";"-378,5396";"194,9035";"-267,0488";"207,8186";"-493,1925";"203,7296";"-378,5396";"194,9035";"-267,0488";"207,8186";"-493,1925";"178,0100";"-383,8172";"186,8390";"-272,4967";"172,2381";"-497,3992";"178,0100";"-383,8172";"186,8390";"-272,4967";"172,2381";"-497,3992"
"8,6000";"202,5263";"-378,1879";"193,2871";"-266,9197";"207,3377";"-492,4558";"202,5263";"-378,1879";"193,2871";"-266,9197";"207,3377";"-492,4558";"181,9355";"-387,2314";"185,0599";"-272,4796";"175,9782";"-500,6641";"181,9355";"-387,2314";"185,0599";"-272,4796";"175,9782";"-500,6641"
"8,6200";"201,3537";"-377,9215";"191,5443";"-266,8802";"206,5475";"-491,9027";"201,3537";"-377,9215";"191,5443";"-266,8802";"206,5475";"-491,9027";"180,2292";"-387,0742";"183,4408";"-272,5935";"174,0467";"-500,4019";"180,2292";"-387,0742";"183,4408";"-272,5935";"174,0467";"-500,4019"
"8,6400";"200,1976";"-377,5967";"189,8742";"-266,8910";"205,6922";"-491,2531";"200,1976";"-377,5967";"189,8742";"-266,8910";"205,6922";"-491,2531";"178,5532";"-386,8655";"181,8341";"-272,5421";"172,2177";"-500,3648";"178,5532";"-386,8655";"181,8341";"-272,5421";"172,2177";"-500,3648"
"8,6600";"199,0441";"-377,2301";"188,1056";"-266,9601";"204,8022";"-490,7665";"199,0441";"-377,2301";"188,1056";"-266,9601";"204,8022";"-490,7665";"176,8458";"-386,8004";"180,1209";"-272,5597";"170,6264";"-500,1024";"176,8458";"-386,8004";"180,1209";"-272,5597";"170,6264";"-500,1024"
"8,6800";"197,4827";"-377,0329";"186,3035";"-267,0140";"203,6668";"-490,2586";"197,4827";"-377,0329";"186,3035";"-267,0140";"203,6668";"-490,2586";"175,2865";"-386,9819";"178,3810";"-272,4423";"168,5877";"-499,9084";"175,2865";"-386,9819";"178,3810";"-272,4423";"168,5877";"-499,9084"
"8,7000";"196,2381";"-376,8344";"184,5890";"-267,2125";"202,3827";"-490,1006";"196,2381";"-376,8344";"184,5890";"-267,2125";"202,3827";"-490,1006";"173,6572";"-386,9796";"176,4841";"-272,4502";"166,9580";"-499,8585";"173,6572";"-386,9796";"176,4841";"-272,4502";"166,9580";"-499,8585"
"8,7200";"194,8522";"-376,6954";"183,0416";"-267,2771";"200,8473";"-489,9271";"194,8522";"-376,6954";"183,0416";"-267,2771";"200,8473";"-489,9271";"171,9078";"-387,0427";"174,6711";"-272,2505";"165,1421";"-499,8260";"171,9078";"-387,0427";"174,6711";"-272,2505";"165,1421";"-499,8260"
"8,7400";"193,3669";"-376,7047";"181,1347";"-267,3509";"199,1648";"-490,0828";"193,3669";"-376,7047";"181,1347";"-267,3509";"199,1648";"-490,0828";"170,2652";"-387,1540";"172,8866";"-272,2754";"163,3754";"-499,5421";"170,2652";"-387,1540";"172,8866";"-272,2754";"163,3754";"-499,5421"
"8,7600";"191,7088";"-376,8630";"179,3258";"-267,3956";"197,4686";"-490,2900";"191,7088";"-376,8630";"179,3258";"-267,3956";"197,4686";"-490,2900";"168,6497";"-386,8840";"171,3100";"-272,3142";"161,5001";"-499,6730";"168,6497";"-386,8840";"171,3100";"-272,3142";"161,5001";"-499,6730"
"8,7800";"189,9486";"-377,2094";"177,5953";"-267,5100";"195,4504";"-490,7019";"189,9486";"-377,2094";"177,5953";"-267,5100";"195,4504";"-490,7019";"166,8254";"-386,6311";"169,8232";"-272,0683";"160,1431";"-499,6513";"166,8254";"-386,6311";"169,8232";"-272,0683";"160,1431";"-499,6513"
"8,8000";"187,8900";"-377,6368";"176,0427";"-267,6017";"193,4844";"-491,0281";"187,8900";"-377,6368";"176,0427";"-267,6017";"193,4844";"-491,0281";"165,1155";"-386,3580";"168,0857";"-271,7792";"158,4544";"-499,5416";"165,1155";"-386,3580";"168,0857";"-271,7792";"158,4544";"-499,5416"
"8,8200";"185,8209";"-378,2208";"174,2733";"-267,8581";"191,3294";"-491,7733";"185,8209";"-378,2208";"174,2733";"-267,8581";"191,3294";"-491,7733";"163,5355";"-386,1218";"166,3403";"-271,6296";"156,7819";"-499,3981";"163,5355";"-386,1218";"166,3403";"-271,6296";"156,7819";"-499,3981"
"8,8400";"183,5091";"-378,8304";"172,6979";"-268,1535";"188,8037";"-492,2634";"183,5091";"-378,8304";"172,6979";"-268,1535";"188,8037";"-492,2634";"161,6969";"-385,8549";"164,8003";"-271,4626";"155,1390";"-499,5921";"161,6969";"-385,8549";"164,8003";"-271,4626";"155,1390";"-499,5921"
"8,8600";"181,2759";"-379,3456";"171,1878";"-268,5219";"185,9414";"-493,0070";"181,2759";"-379,3456";"171,1878";"-268,5219";"185,9414";"-493,0070";"159,9334";"-385,8932";"163,0264";"-271,3180";"153,6251";"-499,3799";"159,9334";"-385,8932";"163,0264";"-271,3180";"153,6251";"-499,3799"
"8,8800";"179,0932";"-379,7886";"169,4750";"-268,6954";"183,2550";"-493,7844";"179,0932";"-379,7886";"169,4750";"-268,6954";"183,2550";"-493,7844";"158,2253";"-385,7154";"161,2470";"-271,1878";"151,7633";"-499,2043";"158,2253";"-385,7154";"161,2470";"-271,1878";"151,7633";"-499,2043"
"8,9000";"176,6473";"-380,3666";"167,5817";"-268,9662";"180,1742";"-494,6803";"176,6473";"-380,3666";"167,5817";"-268,9662";"180,1742";"-494,6803";"156,3706";"-385,5868";"159,5799";"-270,9293";"150,2767";"-498,9981";"156,3706";"-385,5868";"159,5799";"-270,9293";"150,2767";"-498,9981"
"8,9200";"174,1069";"-381,0906";"165,7519";"-269,1744";"177,1667";"-495,4622";"174,1069";"-381,0906";"165,7519";"-269,1744";"177,1667";"-495,4622";"154,4613";"-385,4161";"157,9891";"-270,8780";"148,9485";"-498,9552";"154,4613";"-385,4161";"157,9891";"-270,8780";"148,9485";"-498,9552"
"8,9400";"171,5371";"-381,6459";"163,8719";"-269,4141";"174,1541";"-496,4503";"171,5371";"-381,6459";"163,8719";"-269,4141";"174,1541";"-496,4503";"152,9486";"-385,1370";"156,3070";"-270,6135";"147,5345";"-498,6547";"152,9486";"-385,1370";"156,3070";"-270,6135";"147,5345";"-498,6547"
"8,9600";"168,8994";"-382,4489";"162,1202";"-269,4112";"171,1891";"-497,3721";"168,8994";"-382,4489";"162,1202";"-269,4112";"171,1891";"-497,3721";"151,2515";"-384,8409";"154,5610";"-270,2044";"146,0370";"-498,4152";"151,2515";"-384,8409";"154,5610";"-270,2044";"146,0370";"-498,4152"
"8,9800";"166,1803";"-383,0165";"160,5025";"-269,8497";"167,9076";"-498,1516";"166,1803";"-383,0165";"160,5025";"-269,8497";"167,9076";"-498,1516";"149,4101";"-384,6029";"152,7765";"-270,1917";"144,8443";"-498,4042";"149,4101";"-384,6029";"152,7765";"-270,1917";"144,8443";"-498,4042"
"9,0000";"161,6777";"-384,3112";"159,0037";"-270,1209";"163,5500";"-499,5986";"161,6777";"-384,3112";"159,0037";"-270,1209";"163,5500";"-499,5986";"147,6478";"-384,3086";"151,0056";"-270,0745";"143,2999";"-498,3412";"147,6478";"-384,3086";"151,0056";"-270,0745";"143,2999";"-498,3412"
"9,0200";"160,5139";"-384,3671";"157,3820";"-270,4105";"162,5126";"-499,5694";"160,5139";"-384,3671";"157,3820";"-270,4105";"162,5126";"-499,5694";"146,0632";"-384,1105";"149,2460";"-269,9291";"141,6925";"-498,3754";"146,0632";"-384,1105";"149,2460";"-269,9291";"141,6925";"-498,3754"
"9,0400";"159,4017";"-384,6536";"155,6786";"-270,5684";"161,6621";"-499,6502";"159,4017";"-384,6536";"155,6786";"-270,5684";"161,6621";"-499,6502";"144,1661";"-384,0613";"147,3807";"-269,6673";"140,2631";"-498,2396";"144,1661";"-384,0613";"147,3807";"-269,6673";"140,2631";"-498,2396"
"9,0600";"158,0879";"-384,8313";"153,8163";"-270,9152";"160,6053";"-499,6184";"158,0879";"-384,8313";"153,8163";"-270,9152";"160,6053";"-499,6184";"142,5795";"-383,7836";"145,6409";"-269,4618";"138,8494";"-498,4316";"142,5795";"-383,7836";"145,6409";"-269,4618";"138,8494";"-498,4316"
"9,0800";"156,8908";"-384,9808";"152,1453";"-271,0112";"159,6447";"-499,5543";"156,8908";"-384,9808";"152,1453";"-271,0112";"159,6447";"-499,5543";"141,0931";"-383,5792";"143,9707";"-269,1811";"137,1730";"-498,4027";"141,0931";"-383,5792";"143,9707";"-269,1811";"137,1730";"-498,4027"
"9,1000";"155,6631";"-385,0012";"150,2612";"-271,3177";"158,4837";"-499,5550";"155,6631";"-385,0012";"150,2612";"-271,3177";"158,4837";"-499,5550";"139,6456";"-383,5561";"142,2303";"-269,0856";"135,7666";"-498,3819";"139,6456";"-383,5561";"142,2303";"-269,0856";"135,7666";"-498,3819"
"9,1200";"154,0558";"-384,9925";"148,5460";"-271,5328";"157,3108";"-499,6642";"154,0558";"-384,9925";"148,5460";"-271,5328";"157,3108";"-499,6642";"137,9209";"-383,3427";"140,5008";"-268,8522";"134,3216";"-498,1270";"137,9209";"-383,3427";"140,5008";"-268,8522";"134,3216";"-498,1270"
"9,1400";"152,5969";"-385,0884";"146,8813";"-271,8623";"155,8525";"-499,7948";"152,5969";"-385,0884";"146,8813";"-271,8623";"155,8525";"-499,7948";"136,2913";"-383,1578";"138,8762";"-268,6424";"132,8898";"-498,0151";"136,2913";"-383,1578";"138,8762";"-268,6424";"132,8898";"-498,0151"
"9,1600";"151,0675";"-384,9934";"145,2899";"-272,0628";"154,5817";"-499,7716";"151,0675";"-384,9934";"145,2899";"-272,0628";"154,5817";"-499,7716";"134,5109";"-383,0202";"137,3050";"-268,4496";"131,2409";"-497,8018";"134,5109";"-383,0202";"137,3050";"-268,4496";"131,2409";"-497,8018"
"9,1800";"149,4902";"-385,0984";"143,5855";"-272,3075";"153,2655";"-499,8443";"149,4902";"-385,0984";"143,5855";"-272,3075";"153,2655";"-499,8443";"132,7604";"-382,8429";"135,4944";"-268,2744";"129,8589";"-497,3924";"132,7604";"-382,8429";"135,4944";"-268,2744";"129,8589";"-497,3924"
"9,2000";"147,9403";"-385,1422";"141,9390";"-272,3817";"151,8890";"-499,6167";"147,9403";"-385,1422";"141,9390";"-272,3817";"151,8890";"-499,6167";"130,9081";"-382,4515";"134,0026";"-268,2101";"128,5091";"-497,4331";"130,9081";"-382,4515";"134,0026";"-268,2101";"128,5091";"-497,4331"
"9,2200";"146,5656";"-385,3250";"140,1954";"-272,4577";"150,5056";"-499,5911";"146,5656";"-385,3250";"140,1954";"-272,4577";"150,5056";"-499,5911";"129,1672";"-382,2983";"132,4371";"-268,0914";"127,2122";"-497,3370";"129,1672";"-382,2983";"132,4371";"-268,0914";"127,2122";"-497,3370"
"9,2400";"145,0881";"-385,3705";"138,4931";"-272,6595";"149,1010";"-499,4384";"145,0881";"-385,3705";"138,4931";"-272,6595";"149,1010";"-499,4384";"122,7072";"-379,6310";"130,6762";"-268,0558";"118,7696";"-494,2947";"122,7072";"-379,6310";"130,6762";"-268,0558";"118,7696";"-494,2947"
"9,2600";"143,6505";"-385,3079";"136,8646";"-272,8327";"147,6757";"-499,3831";"143,6505";"-385,3079";"136,8646";"-272,8327";"147,6757";"-499,3831";"117,2355";"-375,9135";"128,8186";"-267,9952";"112,5670";"-490,1009";"117,2355";"-375,9135";"128,8186";"-267,9952";"112,5670";"-490,1009"
"9,2800";"142,1816";"-385,2968";"135,1259";"-273,0340";"146,3395";"-499,3235";"142,1816";"-385,2968";"135,1259";"-273,0340";"146,3395";"-499,3235";"112,0782";"-370,9708";"127,3114";"-267,8887";"106,4646";"-484,7729";"112,0782";"-370,9708";"127,3114";"-267,8887";"106,4646";"-484,7729"
"9,3000";"140,7842";"-385,2798";"133,3934";"-273,2435";"145,1250";"-499,3470";"140,7842";"-385,2798";"133,3934";"-273,2435";"145,1250";"-499,3470";"107,1748";"-365,1950";"125,4722";"-267,6306";"100,5801";"-478,0459";"107,1748";"-365,1950";"125,4722";"-267,6306";"100,5801";"-478,0459"
"9,3200";"139,3820";"-385,1549";"131,6972";"-273,4613";"143,7248";"-499,2674";"139,3820";"-385,1549";"131,6972";"-273,4613";"143,7248";"-499,2674";"102,6129";"-358,6319";"123,7775";"-267,4585";"95,1330";"-470,7220";"102,6129";"-358,6319";"123,7775";"-267,4585";"95,1330";"-470,7220"
"9,3400";"137,8320";"-384,9297";"130,1004";"-273,2398";"142,3088";"-499,1565";"137,8320";"-384,9297";"130,1004";"-273,2398";"142,3088";"-499,1565";"98,5060";"-351,7978";"122,1319";"-267,3126";"90,1911";"-463,1258";"98,5060";"-351,7978";"122,1319";"-267,3126";"90,1911";"-463,1258"
"9,3600";"131,6694";"-387,4223";"128,4323";"-273,2063";"136,1071";"-501,5741";"131,6694";"-387,4223";"128,4323";"-273,2063";"136,1071";"-501,5741";"94,8622";"-345,0100";"120,4755";"-267,2941";"85,6006";"-455,5452";"94,8622";"-345,0100";"120,4755";"-267,2941";"85,6006";"-455,5452"
"9,3800";"129,7765";"-387,3412";"126,6465";"-273,1410";"134,4456";"-501,4067";"129,7765";"-387,3412";"126,6465";"-273,1410";"134,4456";"-501,4067";"91,5561";"-338,4013";"118,7998";"-267,4149";"81,3444";"-448,3827";"91,5561";"-338,4013";"118,7998";"-267,4149";"81,3444";"-448,3827"
"9,4000";"127,9640";"-387,4365";"124,9523";"-273,1709";"132,7590";"-501,3111";"127,9640";"-387,4365";"124,9523";"-273,1709";"132,7590";"-501,3111";"88,4384";"-332,5488";"117,2871";"-267,4279";"77,8335";"-441,8946";"88,4384";"-332,5488";"117,2871";"-267,4279";"77,8335";"-441,8946"
"9,4200";"126,2956";"-387,4377";"123,3560";"-272,9287";"131,0061";"-501,2099";"126,2956";"-387,4377";"123,3560";"-272,9287";"131,0061";"-501,2099";"85,8248";"-327,6384";"115,5483";"-267,4069";"74,6773";"-436,4716";"85,8248";"-327,6384";"115,5483";"-267,4069";"74,6773";"-436,4716"
"9,4400";"124,4596";"-387,5621";"121,5398";"-272,9646";"129,3650";"-501,2166";"124,4596";"-387,5621";"121,5398";"-272,9646";"129,3650";"-501,2166";"83,5178";"-323,7725";"113,7057";"-267,3125";"71,9606";"-432,0600";"83,5178";"-323,7725";"113,7057";"-267,3125";"71,9606";"-432,0600"
"9,4600";"122,5542";"-387,5440";"119,8059";"-272,9018";"127,8857";"-501,1311";"122,5542";"-387,5440";"119,8059";"-272,9018";"127,8857";"-501,1311";"81,3358";"-321,1084";"112,0731";"-267,4276";"69,5292";"-429,4003";"81,3358";"-321,1084";"112,0731";"-267,4276";"69,5292";"-429,4003"
"9,4800";"120,9561";"-387,6457";"118,2578";"-272,7419";"126,1105";"-501,2742";"120,9561";"-387,6457";"118,2578";"-272,7419";"126,1105";"-501,2742";"79,5122";"-320,1694";"110,1401";"-267,4013";"67,6475";"-428,2068";"79,5122";"-320,1694";"110,1401";"-267,4013";"67,6475";"-428,2068"
"9,5000";"119,3382";"-387,4979";"116,3996";"-272,4653";"124,4619";"-501,3371";"119,3382";"-387,4979";"116,3996";"-272,4653";"124,4619";"-501,3371";"78,0477";"-320,4074";"108,3160";"-267,5660";"65,9257";"-428,6284";"78,0477";"-320,4074";"108,3160";"-267,5660";"65,9257";"-428,6284"
"9,5200";"117,5895";"-387,2800";"114,7387";"-272,4106";"122,6434";"-501,0946";"117,5895";"-387,2800";"114,7387";"-272,4106";"122,6434";"-501,0946";"76,5405";"-322,0431";"106,6336";"-267,6912";"64,7321";"-430,5253";"76,5405";"-322,0431";"106,6336";"-267,6912";"64,7321";"-430,5253"
"9,5400";"115,7996";"-386,9544";"112,9557";"-272,1332";"120,8689";"-500,8485";"115,7996";"-386,9544";"112,9557";"-272,1332";"120,8689";"-500,8485";"75,3394";"-325,2418";"105,0307";"-268,1630";"64,0243";"-433,9706";"75,3394";"-325,2418";"105,0307";"-268,1630";"64,0243";"-433,9706"
"9,5600";"114,2851";"-386,8567";"111,1785";"-272,0382";"119,0417";"-500,5646";"114,2851";"-386,8567";"111,1785";"-272,0382";"119,0417";"-500,5646";"74,3582";"-329,5411";"103,3933";"-268,2609";"63,4313";"-438,5723";"74,3582";"-329,5411";"103,3933";"-268,2609";"63,4313";"-438,5723"
"9,5800";"112,5947";"-386,3866";"109,4829";"-271,7694";"117,4607";"-500,1556";"112,5947";"-386,3866";"109,4829";"-271,7694";"117,4607";"-500,1556";"73,3847";"-334,6480";"101,8825";"-268,2145";"63,2230";"-444,2639";"73,3847";"-334,6480";"101,8825";"-268,2145";"63,2230";"-444,2639"
"9,6000";"111,0300";"-386,1041";"108,0049";"-271,5357";"115,5329";"-499,7970";"111,0300";"-386,1041";"108,0049";"-271,5357";"115,5329";"-499,7970";"73,0268";"-340,7689";"100,1868";"-268,4766";"63,3742";"-451,0253";"73,0268";"-340,7689";"100,1868";"-268,4766";"63,3742";"-451,0253"
"9,6200";"109,1032";"-385,8262";"106,2421";"-271,5543";"113,7418";"-499,6798";"109,1032";"-385,8262";"106,2421";"-271,5543";"113,7418";"-499,6798";"73,1436";"-347,5318";"98,4845";"-268,7636";"64,1027";"-458,5996";"73,1436";"-347,5318";"98,4845";"-268,7636";"64,1027";"-458,5996"
"9,6400";"107,6296";"-385,7756";"104,8356";"-271,5401";"112,1299";"-499,4807";"107,6296";"-385,7756";"104,8356";"-271,5401";"112,1299";"-499,4807";"73,5627";"-354,4802";"96,8155";"-268,7365";"65,1331";"-466,4984";"73,5627";"-354,4802";"96,8155";"-268,7365";"65,1331";"-466,4984"
"9,6600";"105,9412";"-385,4689";"103,0975";"-271,1391";"110,2119";"-499,3455";"105,9412";"-385,4689";"103,0975";"-271,1391";"110,2119";"-499,3455";"74,4143";"-361,6053";"95,1249";"-269,0499";"66,9227";"-474,2171";"74,4143";"-361,6053";"95,1249";"-269,0499";"66,9227";"-474,2171"
"9,6800";"104,3424";"-385,3187";"101,1968";"-270,9467";"108,3741";"-499,2841";"104,3424";"-385,3187";"101,1968";"-270,9467";"108,3741";"-499,2841";"75,7276";"-368,3210";"93,1700";"-269,3395";"69,0970";"-481,5885";"75,7276";"-368,3210";"93,1700";"-269,3395";"69,0970";"-481,5885"
"9,7000";"102,6346";"-385,1345";"99,4621";"-270,8251";"106,7040";"-499,2672";"102,6346";"-385,1345";"99,4621";"-270,8251";"106,7040";"-499,2672";"77,2174";"-374,3447";"91,5439";"-269,4169";"71,9385";"-488,0192";"77,2174";"-374,3447";"91,5439";"-269,4169";"71,9385";"-488,0192"
"9,7200";"101,2369";"-385,0744";"97,7284";"-270,2749";"104,9264";"-499,1999";"101,2369";"-385,0744";"97,7284";"-270,2749";"104,9264";"-499,1999";"79,0429";"-379,3074";"89,8571";"-269,5065";"74,7167";"-493,3136";"79,0429";"-379,3074";"89,8571";"-269,5065";"74,7167";"-493,3136"
"9,7400";"99,4699";"-384,7553";"95,8858";"-269,9037";"103,0618";"-498,9479";"99,4699";"-384,7553";"95,8858";"-269,9037";"103,0618";"-498,9479";"81,0607";"-382,8370";"88,1647";"-269,7186";"77,9519";"-497,0315";"81,0607";"-382,8370";"88,1647";"-269,7186";"77,9519";"-497,0315"
"9,7600";"97,6315";"-384,2261";"94,4897";"-269,8009";"101,2076";"-498,6609";"97,6315";"-384,2261";"94,4897";"-269,8009";"101,2076";"-498,6609";"82,8697";"-384,7233";"86,3656";"-269,9224";"81,2297";"-499,3841";"82,8697";"-384,7233";"86,3656";"-269,9224";"81,2297";"-499,3841"
"9,7800";"95,8670";"-384,0398";"92,8891";"-269,6838";"99,1948";"-498,4145";"95,8670";"-384,0398";"92,8891";"-269,6838";"99,1948";"-498,4145";"80,7334";"-384,9170";"84,8411";"-270,1319";"78,8837";"-499,1841";"80,7334";"-384,9170";"84,8411";"-270,1319";"78,8837";"-499,1841"
"9,8000";"94,1263";"-383,7612";"91,0473";"-269,3126";"97,3222";"-497,9906";"94,1263";"-383,7612";"91,0473";"-269,3126";"97,3222";"-497,9906";"78,7236";"-384,9505";"83,0311";"-270,3039";"76,2589";"-499,1662";"78,7236";"-384,9505";"83,0311";"-270,3039";"76,2589";"-499,1662"
"9,8200";"92,2446";"-383,5032";"89,4215";"-269,2020";"95,4573";"-497,6836";"92,2446";"-383,5032";"89,4215";"-269,2020";"95,4573";"-497,6836";"76,5131";"-384,9705";"81,3189";"-270,5508";"73,7747";"-498,8962";"76,5131";"-384,9705";"81,3189";"-270,5508";"73,7747";"-498,8962"
"9,8400";"90,4588";"-383,3332";"87,6622";"-269,0155";"93,3907";"-497,6727";"90,4588";"-383,3332";"87,6622";"-269,0155";"93,3907";"-497,6727";"74,4131";"-384,9337";"79,4661";"-270,6742";"71,2741";"-498,8682";"74,4131";"-384,9337";"79,4661";"-270,6742";"71,2741";"-498,8682"
"9,8600";"88,8812";"-383,3861";"85,8423";"-268,6700";"91,5316";"-497,7140";"88,8812";"-383,3861";"85,8423";"-268,6700";"91,5316";"-497,7140";"72,2891";"-384,9392";"77,7572";"-270,7352";"68,8117";"-498,5591";"72,2891";"-384,9392";"77,7572";"-270,7352";"68,8117";"-498,5591"
"9,8800";"87,1264";"-383,2515";"84,0098";"-268,2687";"89,9228";"-497,6922";"87,1264";"-383,2515";"84,0098";"-268,2687";"89,9228";"-497,6922";"70,2310";"-384,8010";"76,1372";"-270,9305";"66,1875";"-498,5271";"70,2310";"-384,8010";"76,1372";"-270,9305";"66,1875";"-498,5271"
"9,9000";"85,3235";"-383,0890";"82,4841";"-268,0607";"87,9462";"-497,6546";"85,3235";"-383,0890";"82,4841";"-268,0607";"87,9462";"-497,6546";"68,1152";"-384,5896";"74,5687";"-271,1726";"63,7876";"-498,4959";"68,1152";"-384,5896";"74,5687";"-271,1726";"63,7876";"-498,4959"
"9,9200";"83,7002";"-382,7122";"80,8191";"-267,7146";"86,1689";"-497,5490";"83,7002";"-382,7122";"80,8191";"-267,7146";"86,1689";"-497,5490";"66,0910";"-384,5238";"72,7830";"-271,3482";"61,5309";"-498,5013";"66,0910";"-384,5238";"72,7830";"-271,3482";"61,5309";"-498,5013"
"9,9400";"82,2617";"-382,5003";"79,2563";"-267,6405";"84,3013";"-497,2215";"82,2617";"-382,5003";"79,2563";"-267,6405";"84,3013";"-497,2215";"63,9764";"-384,3985";"71,2108";"-271,6963";"59,3486";"-498,4263";"63,9764";"-384,3985";"71,2108";"-271,6963";"59,3486";"-498,4263"
"9,9600";"80,4738";"-382,3198";"77,3948";"-267,4786";"82,6655";"-496,9971";"80,4738";"-382,3198";"77,3948";"-267,4786";"82,6655";"-496,9971";"62,1210";"-384,3413";"69,6213";"-271,7863";"57,0995";"-498,1909";"62,1210";"-384,3413";"69,6213";"-271,7863";"57,0995";"-498,1909"
"9,9800";"80,7907";"-381,1202";"75,7019";"-267,4012";"82,3152";"-496,1152";"80,7907";"-381,1202";"75,7019";"-267,4012";"82,3152";"-496,1152";"60,1103";"-384,1658";"67,8922";"-271,9913";"55,0219";"-498,0067";"60,1103";"-384,1658";"67,8922";"-271,9913";"55,0219";"-498,0067"
"10,0000";"80,0735";"-380,4689";"73,9828";"-267,3145";"82,1187";"-495,3861";"80,0735";"-380,4689";"73,9828";"-267,3145";"82,1187";"-495,3861";"58,1734";"-384,0049";"66,2722";"-272,0998";"52,7272";"-497,5991";"58,1734";"-384,0049";"66,2722";"-272,0998";"52,7272";"-497,5991"
"10,0200";"79,1973";"-380,2363";"72,2403";"-267,3197";"81,8531";"-494,8218";"79,1973";"-380,2363";"72,2403";"-267,3197";"81,8531";"-494,8218";"56,2650";"-383,7749";"64,4966";"-272,2032";"50,5873";"-497,5035";"56,2650";"-383,7749";"64,4966";"-272,2032";"50,5873";"-497,5035"
"10,0400";"78,1385";"-379,5316";"70,6353";"-267,0991";"81,7401";"-494,1007";"78,1385";"-379,5316";"70,6353";"-267,0991";"81,7401";"-494,1007";"54,3795";"-383,7462";"62,8026";"-272,2458";"48,3363";"-497,2923";"54,3795";"-383,7462";"62,8026";"-272,2458";"48,3363";"-497,2923"
"10,0600";"77,2210";"-379,0356";"69,0379";"-266,9774";"81,0137";"-493,5279";"77,2210";"-379,0356";"69,0379";"-266,9774";"81,0137";"-493,5279";"52,2918";"-383,7058";"60,9759";"-272,3829";"46,3591";"-497,2349";"52,2918";"-383,7058";"60,9759";"-272,3829";"46,3591";"-497,2349"
"10,0800";"76,3301";"-378,7823";"67,5049";"-266,9131";"80,3390";"-492,7774";"76,3301";"-378,7823";"67,5049";"-266,9131";"80,3390";"-492,7774";"50,4859";"-383,6794";"59,3987";"-272,4508";"44,4129";"-497,0809";"50,4859";"-383,6794";"59,3987";"-272,4508";"44,4129";"-497,0809"
"10,1000";"75,3524";"-378,3885";"65,8821";"-267,0441";"79,7675";"-492,2130";"75,3524";"-378,3885";"65,8821";"-267,0441";"79,7675";"-492,2130";"54,4679";"-387,0531";"57,6086";"-272,5087";"48,3909";"-500,3329";"54,4679";"-387,0531";"57,6086";"-272,5087";"48,3909";"-500,3329"
"10,1200";"74,2347";"-377,8719";"64,0427";"-267,1391";"79,0399";"-491,5165";"74,2347";"-377,8719";"64,0427";"-267,1391";"79,0399";"-491,5165";"52,6831";"-387,1351";"55,8582";"-272,6107";"46,5909";"-500,0775";"52,6831";"-387,1351";"55,8582";"-272,6107";"46,5909";"-500,0775"
"10,1400";"73,1566";"-377,5423";"62,1655";"-267,1874";"78,1214";"-491,0060";"73,1566";"-377,5423";"62,1655";"-267,1874";"78,1214";"-491,0060";"51,1049";"-387,0558";"54,2134";"-272,5648";"44,6359";"-499,8812";"51,1049";"-387,0558";"54,2134";"-272,5648";"44,6359";"-499,8812"
"10,1600";"71,8323";"-377,1432";"60,4734";"-267,1674";"77,2219";"-490,5676";"71,8323";"-377,1432";"60,4734";"-267,1674";"77,2219";"-490,5676";"49,4801";"-386,9827";"52,4341";"-272,4187";"42,9734";"-499,9444";"49,4801";"-386,9827";"52,4341";"-272,4187";"42,9734";"-499,9444"
"10,1800";"70,5679";"-376,8324";"58,8567";"-267,3552";"76,2668";"-490,2593";"70,5679";"-376,8324";"58,8567";"-267,3552";"76,2668";"-490,2593";"47,7133";"-386,9026";"50,4260";"-272,3554";"40,9957";"-499,9976";"47,7133";"-386,9026";"50,4260";"-272,3554";"40,9957";"-499,9976"
"10,2000";"69,0859";"-376,5899";"57,1423";"-267,1636";"74,8874";"-490,0219";"69,0859";"-376,5899";"57,1423";"-267,1636";"74,8874";"-490,0219";"46,0408";"-386,9130";"48,6103";"-272,1470";"39,2994";"-499,9400";"46,0408";"-386,9130";"48,6103";"-272,1470";"39,2994";"-499,9400"
"10,2200";"67,6141";"-376,3952";"55,5309";"-267,1641";"73,3635";"-489,8502";"67,6141";"-376,3952";"55,5309";"-267,1641";"73,3635";"-489,8502";"44,5924";"-386,8745";"47,0160";"-271,9506";"37,5227";"-499,9246";"44,5924";"-386,8745";"47,0160";"-271,9506";"37,5227";"-499,9246"
"10,2400";"65,8619";"-376,6467";"53,8635";"-267,2413";"71,6107";"-489,9307";"65,8619";"-376,6467";"53,8635";"-267,2413";"71,6107";"-489,9307";"42,7428";"-386,8484";"45,1954";"-271,8922";"35,9923";"-499,9548";"42,7428";"-386,8484";"45,1954";"-271,8922";"35,9923";"-499,9548"
"10,2600";"64,2294";"-376,9869";"52,0057";"-267,5606";"69,8197";"-490,0634";"64,2294";"-376,9869";"52,0057";"-267,5606";"69,8197";"-490,0634";"40,9874";"-386,6547";"43,6210";"-272,0209";"34,1550";"-499,7698";"40,9874";"-386,6547";"43,6210";"-272,0209";"34,1550";"-499,7698"
"10,2800";"62,3550";"-377,2748";"50,0158";"-267,4257";"67,8343";"-490,3147";"62,3550";"-377,2748";"50,0158";"-267,4257";"67,8343";"-490,3147";"39,3375";"-386,7834";"42,1612";"-271,9324";"32,6478";"-499,6978";"39,3375";"-386,7834";"42,1612";"-271,9324";"32,6478";"-499,6978"
"10,3000";"60,2232";"-377,7342";"48,2543";"-267,5681";"65,6812";"-490,8528";"60,2232";"-377,7342";"48,2543";"-267,5681";"65,6812";"-490,8528";"37,6361";"-386,6878";"40,3440";"-271,8778";"30,9785";"-499,5802";"37,6361";"-386,6878";"40,3440";"-271,8778";"30,9785";"-499,5802"
"10,3200";"58,1594";"-378,1446";"46,6121";"-267,6323";"63,5461";"-491,3837";"58,1594";"-378,1446";"46,6121";"-267,6323";"63,5461";"-491,3837";"35,6301";"-386,4904";"38,6521";"-271,7342";"29,4685";"-499,4883";"35,6301";"-386,4904";"38,6521";"-271,7342";"29,4685";"-499,4883"
"10,3400";"56,0004";"-378,4665";"44,9388";"-267,8171";"61,1422";"-492,3901";"56,0004";"-378,4665";"44,9388";"-267,8171";"61,1422";"-492,3901";"34,0220";"-386,3489";"36,9838";"-271,5497";"27,8196";"-499,4037";"34,0220";"-386,3489";"36,9838";"-271,5497";"27,8196";"-499,4037"
"10,3600";"53,5767";"-378,7980";"43,2550";"-268,1223";"58,6381";"-493,2290";"53,5767";"-378,7980";"43,2550";"-268,1223";"58,6381";"-493,2290";"32,2975";"-386,2466";"35,1664";"-271,2967";"26,2651";"-499,3475";"32,2975";"-386,2466";"35,1664";"-271,2967";"26,2651";"-499,3475"
"10,3800";"51,0204";"-379,6443";"41,6904";"-268,4630";"55,7886";"-494,0555";"51,0204";"-379,6443";"41,6904";"-268,4630";"55,7886";"-494,0555";"30,5962";"-385,7350";"33,2908";"-271,2227";"24,7153";"-498,9342";"30,5962";"-385,7350";"33,2908";"-271,2227";"24,7153";"-498,9342"
"10,4000";"48,6285";"-380,4481";"39,9070";"-268,7179";"53,1324";"-494,9859";"48,6285";"-380,4481";"39,9070";"-268,7179";"53,1324";"-494,9859";"28,9376";"-385,4816";"31,6758";"-271,0194";"23,2299";"-498,8827";"28,9376";"-385,4816";"31,6758";"-271,0194";"23,2299";"-498,8827"
"10,4200";"46,1561";"-381,1922";"38,1345";"-269,0106";"50,1599";"-496,2029";"46,1561";"-381,1922";"38,1345";"-269,0106";"50,1599";"-496,2029";"27,3854";"-385,1817";"30,1541";"-270,8860";"21,6438";"-498,8246";"27,3854";"-385,1817";"30,1541";"-270,8860";"21,6438";"-498,8246"
"10,4400";"43,6303";"-382,0659";"36,3612";"-269,1942";"47,1653";"-496,7398";"43,6303";"-382,0659";"36,3612";"-269,1942";"47,1653";"-496,7398";"25,6128";"-384,8925";"28,5705";"-270,7498";"20,2717";"-498,6500";"25,6128";"-384,8925";"28,5705";"-270,7498";"20,2717";"-498,6500"
"10,4600";"41,1962";"-382,9001";"34,5881";"-269,2157";"43,9282";"-497,4341";"41,1962";"-382,9001";"34,5881";"-269,2157";"43,9282";"-497,4341";"23,9939";"-384,6037";"26,9240";"-270,4320";"18,7756";"-498,4261";"23,9939";"-384,6037";"26,9240";"-270,4320";"18,7756";"-498,4261"
"10,4800";"38,7879";"-383,4184";"32,9935";"-269,5476";"40,9032";"-498,1746";"38,7879";"-383,4184";"32,9935";"-269,5476";"40,9032";"-498,1746";"22,2692";"-384,4551";"25,3802";"-270,0355";"17,2754";"-498,5278";"22,2692";"-384,4551";"25,3802";"-270,0355";"17,2754";"-498,5278"
"10,5000";"34,5682";"-384,4785";"31,4763";"-269,8768";"36,4629";"-499,1785";"34,5682";"-384,4785";"31,4763";"-269,8768";"36,4629";"-499,1785";"20,5207";"-384,3082";"23,7889";"-269,9609";"15,6453";"-498,2619";"20,5207";"-384,3082";"23,7889";"-269,9609";"15,6453";"-498,2619"
"10,5200";"33,0598";"-384,6405";"29,9098";"-270,1460";"35,1457";"-499,1217";"33,0598";"-384,6405";"29,9098";"-270,1460";"35,1457";"-499,1217";"18,8828";"-384,2118";"21,9321";"-269,7527";"14,2152";"-498,0494";"18,8828";"-384,2118";"21,9321";"-269,7527";"14,2152";"-498,0494"
"10,5400";"31,7336";"-384,6795";"28,2643";"-270,5396";"33,9522";"-499,2472";"31,7336";"-384,6795";"28,2643";"-270,5396";"33,9522";"-499,2472";"17,2250";"-383,9439";"20,2427";"-269,5427";"12,5764";"-498,1154";"17,2250";"-383,9439";"20,2427";"-269,5427";"12,5764";"-498,1154"
"10,5600";"30,4976";"-384,7357";"26,5529";"-270,8540";"32,7943";"-499,4185";"30,4976";"-384,7357";"26,5529";"-270,8540";"32,7943";"-499,4185";"15,4105";"-383,7794";"18,6126";"-269,3778";"10,9930";"-497,9796";"15,4105";"-383,7794";"18,6126";"-269,3778";"10,9930";"-497,9796"
"10,5800";"29,1354";"-384,7187";"24,7420";"-270,9846";"31,5461";"-499,5206";"29,1354";"-384,7187";"24,7420";"-270,9846";"31,5461";"-499,5206";"13,7275";"-383,6180";"16,9127";"-269,2928";"9,6290";"-497,8282";"13,7275";"-383,6180";"16,9127";"-269,2928";"9,6290";"-497,8282"
"10,6000";"27,6063";"-384,8970";"22,9215";"-271,2152";"30,1873";"-499,8045";"27,6063";"-384,8970";"22,9215";"-271,2152";"30,1873";"-499,8045";"11,9749";"-383,3293";"15,1261";"-268,9200";"8,1918";"-497,7337";"11,9749";"-383,3293";"15,1261";"-268,9200";"8,1918";"-497,7337"
"10,6200";"26,2576";"-385,0657";"21,1140";"-271,5518";"29,0684";"-499,7628";"26,2576";"-385,0657";"21,1140";"-271,5518";"29,0684";"-499,7628";"10,1523";"-383,1199";"13,4618";"-268,7992";"6,7783";"-497,8285";"10,1523";"-383,1199";"13,4618";"-268,7992";"6,7783";"-497,8285"
"10,6400";"24,8348";"-385,1743";"19,3932";"-271,6848";"27,8576";"-499,8040";"24,8348";"-385,1743";"19,3932";"-271,6848";"27,8576";"-499,8040";"8,4030";"-383,2078";"11,7004";"-268,7149";"5,5659";"-497,5697";"8,4030";"-383,2078";"11,7004";"-268,7149";"5,5659";"-497,5697"
"10,6600";"23,2994";"-385,3077";"17,7627";"-271,7489";"26,7143";"-499,8362";"23,2994";"-385,3077";"17,7627";"-271,7489";"26,7143";"-499,8362";"6,8695";"-382,9522";"10,0106";"-268,5701";"4,4283";"-497,6344";"6,8695";"-382,9522";"10,0106";"-268,5701";"4,4283";"-497,6344"
"10,6800";"21,8771";"-385,2727";"16,1327";"-272,0735";"25,6047";"-499,9021";"21,8771";"-385,2727";"16,1327";"-272,0735";"25,6047";"-499,9021";"5,1161";"-382,8349";"8,2258";"-268,3611";"2,9333";"-497,5761";"5,1161";"-382,8349";"8,2258";"-268,3611";"2,9333";"-497,5761"
"10,7000";"20,4897";"-385,2544";"14,4927";"-272,2856";"24,4655";"-499,6109";"20,4897";"-385,2544";"14,4927";"-272,2856";"24,4655";"-499,6109";"3,2389";"-382,7461";"6,5435";"-268,2906";"1,4745";"-497,5320";"3,2389";"-382,7461";"6,5435";"-268,2906";"1,4745";"-497,5320"
"10,7200";"19,0427";"-385,2139";"12,7734";"-272,2501";"23,1094";"-499,6852";"19,0427";"-385,2139";"12,7734";"-272,2501";"23,1094";"-499,6852";"1,7192";"-382,6259";"4,8911";"-268,1392";"0,0680";"-497,3385";"1,7192";"-382,6259";"4,8911";"-268,1392";"0,0680";"-497,3385"
"10,7400";"17,6568";"-385,1616";"11,2513";"-272,4028";"21,8233";"-499,7593";"17,6568";"-385,1616";"11,2513";"-272,4028";"21,8233";"-499,7593";"-4,6434";"-379,9412";"3,1112";"-267,9257";"-8,2019";"-494,2487";"-4,6434";"-379,9412";"3,1112";"-267,9257";"-8,2019";"-494,2487"
"10,7600";"16,2725";"-385,1525";"9,6699";"-272,6215";"20,3870";"-499,5889";"16,2725";"-385,1525";"9,6699";"-272,6215";"20,3870";"-499,5889";"-10,1908";"-376,3495";"1,3555";"-267,9549";"-14,8472";"-489,9204";"-10,1908";"-376,3495";"1,3555";"-267,9549";"-14,8472";"-489,9204"
"10,7800";"14,7437";"-385,1427";"7,9930";"-272,5627";"18,7509";"-499,4444";"14,7437";"-385,1427";"7,9930";"-272,5627";"18,7509";"-499,4444";"-15,3780";"-371,3083";"-0,2863";"-267,7704";"-20,9512";"-484,3268";"-15,3780";"-371,3083";"-0,2863";"-267,7704";"-20,9512";"-484,3268"
"10,8000";"13,2530";"-385,1746";"6,2967";"-272,5376";"17,3269";"-499,5502";"13,2530";"-385,1746";"6,2967";"-272,5376";"17,3269";"-499,5502";"-20,1464";"-365,3098";"-1,8545";"-267,6345";"-26,5954";"-477,8179";"-20,1464";"-365,3098";"-1,8545";"-267,6345";"-26,5954";"-477,8179"
"10,8200";"11,6453";"-385,0661";"4,5654";"-272,6784";"15,7774";"-499,3753";"11,6453";"-385,0661";"4,5654";"-272,6784";"15,7774";"-499,3753";"-24,8013";"-358,7441";"-3,4963";"-267,6127";"-32,1053";"-470,5664";"-24,8013";"-358,7441";"-3,4963";"-267,6127";"-32,1053";"-470,5664"
"10,8400";"10,1496";"-384,9564";"2,7464";"-272,7075";"14,2039";"-499,1699";"10,1496";"-384,9564";"2,7464";"-272,7075";"14,2039";"-499,1699";"-28,7433";"-351,8038";"-5,0971";"-267,4035";"-37,2508";"-462,8703";"-28,7433";"-351,8038";"-5,0971";"-267,4035";"-37,2508";"-462,8703"
"10,8600";"3,5898";"-387,3766";"0,9569";"-272,6820";"8,1165";"-501,5758";"3,5898";"-387,3766";"0,9569";"-272,6820";"8,1165";"-501,5758";"-32,5595";"-344,8550";"-6,8905";"-267,2599";"-41,7256";"-455,3251";"-32,5595";"-344,8550";"-6,8905";"-267,2599";"-41,7256";"-455,3251"
"10,8800";"1,8869";"-387,4508";"-0,8170";"-272,6320";"6,6337";"-501,6154";"1,8869";"-387,4508";"-0,8170";"-272,6320";"6,6337";"-501,6154";"-35,9212";"-338,4411";"-8,6723";"-267,2787";"-45,8755";"-448,0744";"-35,9212";"-338,4411";"-8,6723";"-267,2787";"-45,8755";"-448,0744"
"10,9000";"0,1689";"-387,4789";"-2,5368";"-272,7048";"4,9859";"-501,6253";"0,1689";"-387,4789";"-2,5368";"-272,7048";"4,9859";"-501,6253";"-39,0518";"-332,7596";"-10,4209";"-267,4111";"-49,5936";"-441,7277";"-39,0518";"-332,7596";"-10,4209";"-267,4111";"-49,5936";"-441,7277"
"10,9200";"-1,3046";"-387,6464";"-4,1583";"-272,7984";"3,4970";"-501,5462";"-1,3046";"-387,6464";"-4,1583";"-272,7984";"3,4970";"-501,5462";"-41,7586";"-327,9398";"-12,2363";"-267,3444";"-52,8159";"-436,3682";"-41,7586";"-327,9398";"-12,2363";"-267,3444";"-52,8159";"-436,3682"
"10,9400";"-3,1682";"-387,6902";"-5,7743";"-272,7489";"1,9241";"-501,6072";"-3,1682";"-387,6902";"-5,7743";"-272,7489";"1,9241";"-501,6072";"-44,3674";"-324,0116";"-14,0227";"-267,5051";"-55,5509";"-432,1585";"-44,3674";"-324,0116";"-14,0227";"-267,5051";"-55,5509";"-432,1585"
"10,9600";"-4,5263";"-387,6281";"-7,3298";"-272,7269";"0,1633";"-501,3421";"-4,5263";"-387,6281";"-7,3298";"-272,7269";"0,1633";"-501,3421";"-46,5394";"-321,4802";"-15,7180";"-267,5399";"-57,9098";"-429,3689";"-46,5394";"-321,4802";"-15,7180";"-267,5399";"-57,9098";"-429,3689"
"10,9800";"-6,1444";"-387,5799";"-8,8880";"-272,7023";"-1,5324";"-501,1441";"-6,1444";"-387,5799";"-8,8880";"-272,7023";"-1,5324";"-501,1441";"-48,3529";"-320,1770";"-17,3560";"-267,8367";"-60,0035";"-428,2120";"-48,3529";"-320,1770";"-17,3560";"-267,8367";"-60,0035";"-428,2120"
"11,0000";"-7,8592";"-387,4178";"-10,6573";"-272,7378";"-3,3372";"-500,8972";"-7,8592";"-387,4178";"-10,6573";"-272,7378";"-3,3372";"-500,8972";"-49,9205";"-320,2681";"-19,0710";"-267,8334";"-61,6695";"-428,3615";"-49,9205";"-320,2681";"-19,0710";"-267,8334";"-61,6695";"-428,3615"
"11,0200";"-9,6175";"-386,9527";"-12,2493";"-272,5591";"-5,0886";"-500,9964";"-9,6175";"-386,9527";"-12,2493";"-272,5591";"-5,0886";"-500,9964";"-51,2130";"-321,8358";"-20,7078";"-267,9435";"-62,8643";"-430,1698";"-51,2130";"-321,8358";"-20,7078";"-267,9435";"-62,8643";"-430,1698"
"11,0400";"-11,2671";"-386,7688";"-14,0669";"-272,5020";"-6,9150";"-500,7657";"-11,2671";"-386,7688";"-14,0669";"-272,5020";"-6,9150";"-500,7657";"-52,3689";"-324,9465";"-22,3053";"-268,0953";"-63,8788";"-433,6137";"-52,3689";"-324,9465";"-22,3053";"-268,0953";"-63,8788";"-433,6137"
"11,0600";"-13,1232";"-386,3933";"-15,8344";"-272,5246";"-8,5023";"-500,6733";"-13,1232";"-386,3933";"-15,8344";"-272,5246";"-8,5023";"-500,6733";"-53,1080";"-329,3459";"-23,9047";"-268,2344";"-64,3055";"-438,4092";"-53,1080";"-329,3459";"-23,9047";"-268,2344";"-64,3055";"-438,4092"
"11,0800";"-14,8160";"-386,2611";"-17,6826";"-272,4411";"-10,1660";"-500,5070";"-14,8160";"-386,2611";"-17,6826";"-272,4411";"-10,1660";"-500,5070";"-53,8376";"-334,8411";"-25,5864";"-268,3748";"-64,3726";"-444,2709";"-53,8376";"-334,8411";"-25,5864";"-268,3748";"-64,3726";"-444,2709"
"11,1000";"-16,5251";"-386,0593";"-19,2080";"-272,0631";"-11,7493";"-500,3890";"-16,5251";"-386,0593";"-19,2080";"-272,0631";"-11,7493";"-500,3890";"-54,2883";"-341,1307";"-27,2663";"-268,5931";"-64,1274";"-451,2601";"-54,2883";"-341,1307";"-27,2663";"-268,5931";"-64,1274";"-451,2601"
"11,1200";"-18,3031";"-385,9382";"-20,9331";"-271,8462";"-13,5030";"-500,0777";"-18,3031";"-385,9382";"-20,9331";"-271,8462";"-13,5030";"-500,0777";"-54,2711";"-347,9304";"-29,1087";"-268,7606";"-63,2828";"-458,6681";"-54,2711";"-347,9304";"-29,1087";"-268,7606";"-63,2828";"-458,6681"
"11,1400";"-19,9909";"-385,7831";"-22,6801";"-271,4575";"-15,2035";"-499,8976";"-19,9909";"-385,7831";"-22,6801";"-271,4575";"-15,2035";"-499,8976";"-54,0228";"-355,1356";"-30,8852";"-268,8114";"-62,0531";"-466,5017";"-54,0228";"-355,1356";"-30,8852";"-268,8114";"-62,0531";"-466,5017"
"11,1600";"-21,4786";"-385,8041";"-24,3440";"-271,1533";"-17,1805";"-499,7430";"-21,4786";"-385,8041";"-24,3440";"-271,1533";"-17,1805";"-499,7430";"-53,1493";"-362,1343";"-32,5971";"-269,1367";"-60,3927";"-474,1622";"-53,1493";"-362,1343";"-32,5971";"-269,1367";"-60,3927";"-474,1622"
"11,1800";"-23,1736";"-385,3532";"-26,0519";"-270,7124";"-19,0996";"-499,5134";"-23,1736";"-385,3532";"-26,0519";"-270,7124";"-19,0996";"-499,5134";"-51,8785";"-368,7793";"-34,3535";"-269,2063";"-58,2383";"-481,4461";"-51,8785";"-368,7793";"-34,3535";"-269,2063";"-58,2383";"-481,4461"
"11,2000";"-24,7997";"-385,3810";"-27,9321";"-270,4672";"-21,0547";"-499,3090";"-24,7997";"-385,3810";"-27,9321";"-270,4672";"-21,0547";"-499,3090";"-50,1926";"-374,5787";"-36,0518";"-269,3711";"-55,5312";"-487,7761";"-50,1926";"-374,5787";"-36,0518";"-269,3711";"-55,5312";"-487,7761"
"11,2200";"-26,4174";"-385,3160";"-29,6484";"-270,1809";"-22,8365";"-499,0260";"-26,4174";"-385,3160";"-29,6484";"-270,1809";"-22,8365";"-499,0260";"-48,4244";"-379,2874";"-37,4806";"-269,5299";"-52,8139";"-493,0781";"-48,4244";"-379,2874";"-37,4806";"-269,5299";"-52,8139";"-493,0781"
"11,2400";"-27,9522";"-385,0791";"-31,3913";"-270,0884";"-24,7599";"-498,8768";"-27,9522";"-385,0791";"-31,3913";"-270,0884";"-24,7599";"-498,8768";"-46,1856";"-382,6973";"-39,2833";"-269,7852";"-49,4375";"-497,0124";"-46,1856";"-382,6973";"-39,2833";"-269,7852";"-49,4375";"-497,0124"
"11,2600";"-29,8014";"-384,8395";"-33,2431";"-269,7622";"-26,6504";"-498,6155";"-29,8014";"-384,8395";"-33,2431";"-269,7622";"-26,6504";"-498,6155";"-44,4084";"-384,6251";"-40,9982";"-269,9143";"-46,2006";"-499,4159";"-44,4084";"-384,6251";"-40,9982";"-269,9143";"-46,2006";"-499,4159"
"11,2800";"-31,5415";"-384,6913";"-34,9036";"-269,6216";"-28,6384";"-498,5759";"-31,5415";"-384,6913";"-34,9036";"-269,6216";"-28,6384";"-498,5759";"-46,6372";"-384,6247";"-42,7079";"-269,9954";"-48,4758";"-499,4795";"-46,6372";"-384,6247";"-42,7079";"-269,9954";"-48,4758";"-499,4795"
"11,3000";"-33,3259";"-384,1594";"-36,5691";"-269,4433";"-30,5455";"-498,4208";"-33,3259";"-384,1594";"-36,5691";"-269,4433";"-30,5455";"-498,4208";"-48,6217";"-384,6810";"-44,4702";"-270,2525";"-50,9675";"-499,4390";"-48,6217";"-384,6810";"-44,4702";"-270,2525";"-50,9675";"-499,4390"
"11,3200";"-34,9209";"-383,8128";"-38,1889";"-269,0604";"-32,4283";"-498,2943";"-34,9209";"-383,8128";"-38,1889";"-269,0604";"-32,4283";"-498,2943";"-50,8015";"-384,7474";"-46,4104";"-270,5987";"-53,3416";"-499,4238";"-50,8015";"-384,7474";"-46,4104";"-270,5987";"-53,3416";"-499,4238"
"11,3400";"-36,7864";"-383,4347";"-39,8071";"-268,7540";"-34,1555";"-498,0564";"-36,7864";"-383,4347";"-39,8071";"-268,7540";"-34,1555";"-498,0564";"-52,9066";"-384,7977";"-47,9529";"-271,0352";"-56,0407";"-499,3126";"-52,9066";"-384,7977";"-47,9529";"-271,0352";"-56,0407";"-499,3126"
"11,3600";"-38,4785";"-383,2001";"-41,3624";"-268,5123";"-35,9668";"-497,8611";"-38,4785";"-383,2001";"-41,3624";"-268,5123";"-35,9668";"-497,8611";"-55,1922";"-384,7243";"-49,5169";"-271,3602";"-58,2844";"-499,0373";"-55,1922";"-384,7243";"-49,5169";"-271,3602";"-58,2844";"-499,0373"
"11,3800";"-40,2359";"-383,1074";"-43,1437";"-268,1925";"-37,7514";"-497,5604";"-40,2359";"-383,1074";"-43,1437";"-268,1925";"-37,7514";"-497,5604";"-57,3267";"-384,6930";"-51,4161";"-271,6458";"-60,8076";"-499,0400";"-57,3267";"-384,6930";"-51,4161";"-271,6458";"-60,8076";"-499,0400"
"11,4000";"-41,9063";"-383,0701";"-44,8638";"-268,1015";"-39,5031";"-497,4826";"-41,9063";"-383,0701";"-44,8638";"-268,1015";"-39,5031";"-497,4826";"-59,4578";"-384,6531";"-53,1182";"-271,7375";"-63,1623";"-498,9766";"-59,4578";"-384,6531";"-53,1182";"-271,7375";"-63,1623";"-498,9766"
"11,4200";"-43,6144";"-382,8803";"-46,6098";"-268,0531";"-41,3409";"-497,3261";"-43,6144";"-382,8803";"-46,6098";"-268,0531";"-41,3409";"-497,3261";"-61,4208";"-384,6763";"-54,6410";"-271,6336";"-65,5564";"-498,7043";"-61,4208";"-384,6763";"-54,6410";"-271,6336";"-65,5564";"-498,7043"
"11,4400";"-45,2858";"-382,7679";"-48,4242";"-267,8872";"-43,2374";"-497,2308";"-45,2858";"-382,7679";"-48,4242";"-267,8872";"-43,2374";"-497,2308";"-63,3476";"-384,5792";"-56,4239";"-271,6540";"-67,8283";"-498,5217";"-63,3476";"-384,5792";"-56,4239";"-271,6540";"-67,8283";"-498,5217"
"11,4600";"-46,9698";"-382,4998";"-50,1760";"-267,7269";"-45,0583";"-497,2138";"-46,9698";"-382,4998";"-50,1760";"-267,7269";"-45,0583";"-497,2138";"-65,3168";"-384,4129";"-58,1807";"-271,7502";"-70,4375";"-498,4089";"-65,3168";"-384,4129";"-58,1807";"-271,7502";"-70,4375";"-498,4089"
"11,4800";"-46,7052";"-381,5218";"-51,8567";"-267,5908";"-45,3344";"-496,5128";"-46,7052";"-381,5218";"-51,8567";"-267,5908";"-45,3344";"-496,5128";"-67,1981";"-384,2796";"-59,7509";"-271,9106";"-72,6667";"-498,1467";"-67,1981";"-384,2796";"-59,7509";"-271,9106";"-72,6667";"-498,1467"
"11,5000";"-47,4088";"-380,9438";"-53,6413";"-267,2587";"-45,5736";"-495,9564";"-47,4088";"-380,9438";"-53,6413";"-267,2587";"-45,5736";"-495,9564";"-69,2140";"-384,1003";"-61,3713";"-272,2078";"-74,7646";"-497,8149";"-69,2140";"-384,1003";"-61,3713";"-272,2078";"-74,7646";"-497,8149"
"11,5200";"-48,4144";"-380,3090";"-55,5563";"-267,1682";"-45,8189";"-495,3565";"-48,4144";"-380,3090";"-55,5563";"-267,1682";"-45,8189";"-495,3565";"-71,1887";"-383,9591";"-63,1621";"-272,4646";"-76,8653";"-497,7291";"-71,1887";"-383,9591";"-63,1621";"-272,4646";"-76,8653";"-497,7291"
"11,5400";"-49,3330";"-379,6421";"-57,1245";"-267,0639";"-46,1401";"-494,8113";"-49,3330";"-379,6421";"-57,1245";"-267,0639";"-46,1401";"-494,8113";"-73,2802";"-384,0309";"-64,7856";"-272,5578";"-78,8705";"-497,4716";"-73,2802";"-384,0309";"-64,7856";"-272,5578";"-78,8705";"-497,4716"
"11,5600";"-50,3381";"-379,1227";"-59,0004";"-266,9168";"-46,6556";"-494,0472";"-50,3381";"-379,1227";"-59,0004";"-266,9168";"-46,6556";"-494,0472";"-74,9921";"-384,1764";"-66,5753";"-272,4344";"-80,5619";"-497,2115";"-74,9921";"-384,1764";"-66,5753";"-272,4344";"-80,5619";"-497,2115"
"11,5800";"-51,1447";"-378,4679";"-60,6746";"-266,9019";"-47,1382";"-493,2290";"-51,1447";"-378,4679";"-60,6746";"-266,9019";"-47,1382";"-493,2290";"-76,9342";"-384,1151";"-68,2208";"-272,4285";"-82,6432";"-496,7945";"-76,9342";"-384,1151";"-68,2208";"-272,4285";"-82,6432";"-496,7945"
"11,6000";"-52,2871";"-377,9317";"-62,1531";"-267,0195";"-47,6612";"-492,4854";"-52,2871";"-377,9317";"-62,1531";"-267,0195";"-47,6612";"-492,4854";"-73,0658";"-387,4241";"-69,9638";"-272,2505";"-78,9490";"-500,1214";"-73,0658";"-387,4241";"-69,9638";"-272,2505";"-78,9490";"-500,1214"
"11,6200";"-53,4343";"-377,4989";"-63,6579";"-266,9199";"-48,4836";"-491,8424";"-53,4343";"-377,4989";"-63,6579";"-266,9199";"-48,4836";"-491,8424";"-74,8377";"-387,4002";"-71,7205";"-272,2332";"-80,7766";"-499,9749";"-74,8377";"-387,4002";"-71,7205";"-272,2332";"-80,7766";"-499,9749"
"11,6400";"-54,5005";"-377,2744";"-65,3524";"-267,0026";"-49,4026";"-491,1531";"-54,5005";"-377,2744";"-65,3524";"-267,0026";"-49,4026";"-491,1531";"-76,4890";"-387,2536";"-73,5207";"-272,3450";"-82,6522";"-499,7889";"-76,4890";"-387,2536";"-73,5207";"-272,3450";"-82,6522";"-499,7889"
"11,6600";"-55,7746";"-376,8246";"-66,9341";"-267,1825";"-50,2736";"-490,7486";"-55,7746";"-376,8246";"-66,9341";"-267,1825";"-50,2736";"-490,7486";"-78,4628";"-386,8745";"-75,2572";"-272,5009";"-84,5082";"-499,7668";"-78,4628";"-386,8745";"-75,2572";"-272,5009";"-84,5082";"-499,7668"
"11,6800";"-57,2878";"-376,6175";"-68,6050";"-267,3621";"-51,3028";"-490,3975";"-57,2878";"-376,6175";"-68,6050";"-267,3621";"-51,3028";"-490,3975";"-80,2540";"-386,9612";"-76,9917";"-272,4425";"-86,2660";"-499,6731";"-80,2540";"-386,9612";"-76,9917";"-272,4425";"-86,2660";"-499,6731"
"11,7000";"-58,4833";"-376,3172";"-70,3431";"-267,3011";"-52,7220";"-490,2206";"-58,4833";"-376,3172";"-70,3431";"-267,3011";"-52,7220";"-490,2206";"-81,9300";"-387,0167";"-78,8067";"-272,4855";"-88,0204";"-499,4629";"-81,9300";"-387,0167";"-78,8067";"-272,4855";"-88,0204";"-499,4629"
"11,7200";"-59,9704";"-376,4596";"-72,1922";"-267,3498";"-54,0063";"-490,1716";"-59,9704";"-376,4596";"-72,1922";"-267,3498";"-54,0063";"-490,1716";"-83,5288";"-387,0069";"-80,5204";"-272,6407";"-89,7262";"-499,2926";"-83,5288";"-387,0069";"-80,5204";"-272,6407";"-89,7262";"-499,2926"
"11,7400";"-61,8748";"-376,4990";"-73,7443";"-267,2656";"-55,7225";"-490,0847";"-61,8748";"-376,4990";"-73,7443";"-267,2656";"-55,7225";"-490,0847";"-85,3426";"-386,7700";"-82,0861";"-272,3248";"-91,5081";"-499,2205";"-85,3426";"-386,7700";"-82,0861";"-272,3248";"-91,5081";"-499,2205"
"11,7600";"-63,6459";"-376,7503";"-75,3940";"-267,2741";"-57,6268";"-490,3164";"-63,6459";"-376,7503";"-75,3940";"-267,2741";"-57,6268";"-490,3164";"-86,9413";"-386,9513";"-83,6119";"-272,2633";"-93,2398";"-499,2382";"-86,9413";"-386,9513";"-83,6119";"-272,2633";"-93,2398";"-499,2382"
"11,7800";"-65,3784";"-377,0891";"-77,1268";"-267,3649";"-59,5222";"-490,5887";"-65,3784";"-377,0891";"-77,1268";"-267,3649";"-59,5222";"-490,5887";"-88,4686";"-386,6031";"-85,2264";"-272,2379";"-94,8766";"-499,1453";"-88,4686";"-386,6031";"-85,2264";"-272,2379";"-94,8766";"-499,1453"
"11,8000";"-67,5550";"-377,5888";"-78,9796";"-267,1950";"-61,6222";"-490,9071";"-67,5550";"-377,5888";"-78,9796";"-267,1950";"-61,6222";"-490,9071";"-90,1314";"-386,4930";"-86,7420";"-272,2086";"-96,5588";"-499,0680";"-90,1314";"-386,4930";"-86,7420";"-272,2086";"-96,5588";"-499,0680"
"11,8200";"-69,6242";"-377,9287";"-80,5348";"-267,4825";"-63,9871";"-491,5480";"-69,6242";"-377,9287";"-80,5348";"-267,4825";"-63,9871";"-491,5480";"-91,8622";"-386,2255";"-88,5282";"-271,8779";"-98,1093";"-499,0145";"-91,8622";"-386,2255";"-88,5282";"-271,8779";"-98,1093";"-499,0145"
"11,8400";"-71,5294";"-378,4504";"-82,3943";"-267,7532";"-66,2938";"-492,3924";"-71,5294";"-378,4504";"-82,3943";"-267,7532";"-66,2938";"-492,3924";"-93,4756";"-386,0386";"-90,4388";"-271,7903";"-99,8003";"-499,1889";"-93,4756";"-386,0386";"-90,4388";"-271,7903";"-99,8003";"-499,1889"
"11,8600";"-73,6253";"-379,1868";"-84,1660";"-267,9871";"-68,8086";"-493,0889";"-73,6253";"-379,1868";"-84,1660";"-267,9871";"-68,8086";"-493,0889";"-94,9551";"-385,7273";"-92,2427";"-271,5006";"-101,4143";"-499,0771";"-94,9551";"-385,7273";"-92,2427";"-271,5006";"-101,4143";"-499,0771"
"11,8800";"-76,0884";"-379,8311";"-85,9614";"-268,2235";"-71,5292";"-494,1547";"-76,0884";"-379,8311";"-85,9614";"-268,2235";"-71,5292";"-494,1547";"-96,7149";"-385,7925";"-93,8762";"-271,3287";"-102,8324";"-498,9957";"-96,7149";"-385,7925";"-93,8762";"-271,3287";"-102,8324";"-498,9957"
"11,9000";"-78,4678";"-380,5723";"-87,4526";"-268,9434";"-74,2159";"-495,1583";"-78,4678";"-380,5723";"-87,4526";"-268,9434";"-74,2159";"-495,1583";"-98,3243";"-385,5012";"-95,6793";"-271,0794";"-104,2876";"-499,0089";"-98,3243";"-385,5012";"-95,6793";"-271,0794";"-104,2876";"-499,0089"
"11,9200";"-80,8950";"-381,2659";"-89,1241";"-269,1652";"-77,2660";"-495,8621";"-80,8950";"-381,2659";"-89,1241";"-269,1652";"-77,2660";"-495,8621";"-99,9420";"-385,3057";"-97,3169";"-270,8299";"-106,0041";"-499,0442";"-99,9420";"-385,3057";"-97,3169";"-270,8299";"-106,0041";"-499,0442"
"11,9400";"-83,4731";"-381,9783";"-90,8024";"-269,4546";"-80,3058";"-496,5339";"-83,4731";"-381,9783";"-90,8024";"-269,4546";"-80,3058";"-496,5339";"-101,5158";"-385,2209";"-98,8315";"-270,6690";"-107,3108";"-498,7971";"-101,5158";"-385,2209";"-98,8315";"-270,6690";"-107,3108";"-498,7971"
"11,9600";"-86,0791";"-382,5140";"-92,5635";"-269,8816";"-83,4842";"-497,5188";"-86,0791";"-382,5140";"-92,5635";"-269,8816";"-83,4842";"-497,5188";"-103,3642";"-385,0480";"-100,5056";"-270,4667";"-108,9590";"-498,4711";"-103,3642";"-385,0480";"-100,5056";"-270,4667";"-108,9590";"-498,4711"
"11,9800";"-88,6093";"-383,2094";"-94,0863";"-270,2555";"-86,6290";"-498,1261";"-88,6093";"-383,2094";"-94,0863";"-270,2555";"-86,6290";"-498,1261";"-104,9009";"-384,7894";"-102,3042";"-270,2438";"-110,6269";"-498,5007";"-104,9009";"-384,7894";"-102,3042";"-270,2438";"-110,6269";"-498,5007"
"12,0000";"-93,0754";"-384,3589";"-95,8625";"-270,4252";"-91,1491";"-499,3663";"-93,0754";"-384,3589";"-95,8625";"-270,4252";"-91,1491";"-499,3663";"-106,5913";"-384,4920";"-103,8867";"-270,1262";"-112,1909";"-498,1272";"-106,5913";"-384,4920";"-103,8867";"-270,1262";"-112,1909";"-498,1272"
"12,0200";"-94,3251";"-384,5941";"-97,6983";"-270,6939";"-92,3217";"-499,7066";"-94,3251";"-384,5941";"-97,6983";"-270,6939";"-92,3217";"-499,7066";"-108,3064";"-384,4785";"-105,4726";"-270,0275";"-113,7581";"-498,0248";"-108,3064";"-384,4785";"-105,4726";"-270,0275";"-113,7581";"-498,0248"
"12,0400";"-95,6751";"-384,7081";"-99,3829";"-270,9108";"-93,4469";"-499,8279";"-95,6751";"-384,7081";"-99,3829";"-270,9108";"-93,4469";"-499,8279";"-110,0467";"-384,1469";"-107,1811";"-269,7124";"-115,2803";"-497,7831";"-110,0467";"-384,1469";"-107,1811";"-269,7124";"-115,2803";"-497,7831"
"12,0600";"-97,1236";"-384,8288";"-100,9515";"-270,9534";"-94,4074";"-499,8149";"-97,1236";"-384,8288";"-100,9515";"-270,9534";"-94,4074";"-499,8149";"-111,7214";"-384,1309";"-109,1834";"-269,5083";"-116,5844";"-497,7163";"-111,7214";"-384,1309";"-109,1834";"-269,5083";"-116,5844";"-497,7163"
"12,0800";"-98,1978";"-384,8031";"-102,6287";"-271,1346";"-95,7342";"-499,9119";"-98,1978";"-384,8031";"-102,6287";"-271,1346";"-95,7342";"-499,9119";"-113,5940";"-383,7110";"-110,8024";"-269,2230";"-117,9635";"-497,7435";"-113,5940";"-383,7110";"-110,8024";"-269,2230";"-117,9635";"-497,7435"
"12,1000";"-99,5517";"-385,0204";"-104,3239";"-271,2521";"-97,0221";"-499,8426";"-99,5517";"-385,0204";"-104,3239";"-271,2521";"-97,0221";"-499,8426";"-115,5895";"-383,5171";"-112,5948";"-268,8787";"-119,3706";"-497,8103";"-115,5895";"-383,5171";"-112,5948";"-268,8787";"-119,3706";"-497,8103"
"12,1200";"-101,0881";"-384,9563";"-106,1168";"-271,3205";"-98,0545";"-499,5881";"-101,0881";"-384,9563";"-106,1168";"-271,3205";"-98,0545";"-499,5881";"-117,2806";"-383,1108";"-114,2731";"-268,6266";"-120,7701";"-497,5960";"-117,2806";"-383,1108";"-114,2731";"-268,6266";"-120,7701";"-497,5960"
"12,1400";"-102,4501";"-385,0163";"-107,9172";"-271,4673";"-99,3168";"-499,7148";"-102,4501";"-385,0163";"-107,9172";"-271,4673";"-99,3168";"-499,7148";"-119,0097";"-382,9965";"-115,9343";"-268,6333";"-122,1375";"-497,6210";"-119,0097";"-382,9965";"-115,9343";"-268,6333";"-122,1375";"-497,6210"
"12,1600";"-103,9226";"-385,0975";"-109,7464";"-271,5774";"-100,7436";"-499,7520";"-103,9226";"-385,0975";"-109,7464";"-271,5774";"-100,7436";"-499,7520";"-120,8303";"-382,6496";"-117,4134";"-268,5325";"-123,3936";"-497,5758";"-120,8303";"-382,6496";"-117,4134";"-268,5325";"-123,3936";"-497,5758"
"12,1800";"-105,6413";"-385,0625";"-111,4474";"-271,5037";"-102,0127";"-499,6417";"-105,6413";"-385,0625";"-111,4474";"-271,5037";"-102,0127";"-499,6417";"-122,4577";"-382,6755";"-119,2324";"-268,4142";"-124,6374";"-497,3789";"-122,4577";"-382,6755";"-119,2324";"-268,4142";"-124,6374";"-497,3789"
"12,2000";"-106,9149";"-385,1028";"-113,2974";"-271,6912";"-103,1846";"-499,4958";"-106,9149";"-385,1028";"-113,2974";"-271,6912";"-103,1846";"-499,4958";"-123,8443";"-382,6988";"-120,8898";"-268,2806";"-126,0121";"-497,3314";"-123,8443";"-382,6988";"-120,8898";"-268,2806";"-126,0121";"-497,3314"
"12,2200";"-108,2581";"-385,1901";"-114,9379";"-271,9581";"-104,7021";"-499,5218";"-108,2581";"-385,1901";"-114,9379";"-271,9581";"-104,7021";"-499,5218";"-125,6081";"-382,6354";"-122,6848";"-268,0644";"-127,2523";"-497,2458";"-125,6081";"-382,6354";"-122,6848";"-268,0644";"-127,2523";"-497,2458"
"12,2400";"-109,7953";"-385,0943";"-116,6031";"-272,1357";"-106,0146";"-499,3395";"-109,7953";"-385,0943";"-116,6031";"-272,1357";"-106,0146";"-499,3395";"-131,9195";"-380,0177";"-124,5311";"-267,9696";"-135,6143";"-494,0495";"-131,9195";"-380,0177";"-124,5311";"-267,9696";"-135,6143";"-494,0495"
"12,2600";"-111,0155";"-385,0403";"-118,2807";"-272,4850";"-107,3133";"-499,2063";"-111,0155";"-385,0403";"-118,2807";"-272,4850";"-107,3133";"-499,2063";"-137,1893";"-376,3221";"-126,0405";"-267,6130";"-142,2898";"-489,9227";"-137,1893";"-376,3221";"-126,0405";"-267,6130";"-142,2898";"-489,9227"
"12,2800";"-112,3706";"-385,2328";"-120,0955";"-272,7920";"-108,6705";"-499,2019";"-112,3706";"-385,2328";"-120,0955";"-272,7920";"-108,6705";"-499,2019";"-142,4385";"-371,2438";"-127,7086";"-267,5953";"-148,7245";"-484,2850";"-142,4385";"-371,2438";"-127,7086";"-267,5953";"-148,7245";"-484,2850"
"12,3000";"-113,9029";"-385,1445";"-121,5746";"-273,0414";"-109,9030";"-499,2696";"-113,9029";"-385,1445";"-121,5746";"-273,0414";"-109,9030";"-499,2696";"-147,3003";"-365,1219";"-129,5381";"-267,6484";"-154,6139";"-477,8875";"-147,3003";"-365,1219";"-129,5381";"-267,6484";"-154,6139";"-477,8875"
"12,3200";"-115,5136";"-385,0941";"-123,2793";"-273,0799";"-111,0953";"-499,2456";"-115,5136";"-385,0941";"-123,2793";"-273,0799";"-111,0953";"-499,2456";"-151,7103";"-358,4521";"-131,1944";"-267,7087";"-160,0461";"-470,5642";"-151,7103";"-358,4521";"-131,1944";"-267,7087";"-160,0461";"-470,5642"
"12,3400";"-117,1200";"-385,2318";"-124,9358";"-273,1306";"-112,5422";"-499,3623";"-117,1200";"-385,2318";"-124,9358";"-273,1306";"-112,5422";"-499,3623";"-155,9622";"-351,4768";"-132,8502";"-267,5036";"-165,0657";"-462,8638";"-155,9622";"-351,4768";"-132,8502";"-267,5036";"-165,0657";"-462,8638"
"12,3600";"-123,5734";"-387,5527";"-126,5875";"-272,8123";"-118,6441";"-501,6607";"-123,5734";"-387,5527";"-126,5875";"-272,8123";"-118,6441";"-501,6607";"-159,7811";"-344,4685";"-134,7903";"-267,4503";"-169,4487";"-455,1446";"-159,7811";"-344,4685";"-134,7903";"-267,4503";"-169,4487";"-455,1446"
"12,3800";"-125,3910";"-387,5229";"-128,0995";"-272,6959";"-120,3457";"-501,6053";"-125,3910";"-387,5229";"-128,0995";"-272,6959";"-120,3457";"-501,6053";"-163,2270";"-337,9858";"-136,5636";"-267,4195";"-173,4201";"-448,0305";"-163,2270";"-337,9858";"-136,5636";"-267,4195";"-173,4201";"-448,0305"
"12,4000";"-127,2948";"-387,5787";"-129,8109";"-272,5951";"-122,2004";"-501,5350";"-127,2948";"-387,5787";"-129,8109";"-272,5951";"-122,2004";"-501,5350";"-166,2450";"-332,2336";"-138,0885";"-267,3632";"-176,9607";"-441,4467";"-166,2450";"-332,2336";"-138,0885";"-267,3632";"-176,9607";"-441,4467"
"12,4200";"-128,9644";"-387,6579";"-131,3515";"-272,5700";"-123,9446";"-501,2924";"-128,9644";"-387,6579";"-131,3515";"-272,5700";"-123,9446";"-501,2924";"-169,1148";"-327,3496";"-139,8592";"-267,3552";"-180,1557";"-436,2080";"-169,1148";"-327,3496";"-139,8592";"-267,3552";"-180,1557";"-436,2080"
"12,4400";"-130,6185";"-387,4554";"-133,1534";"-272,4646";"-125,5921";"-501,2260";"-130,6185";"-387,4554";"-133,1534";"-272,4646";"-125,5921";"-501,2260";"-171,4663";"-323,5052";"-141,5432";"-267,3786";"-182,9677";"-432,1196";"-171,4663";"-323,5052";"-141,5432";"-267,3786";"-182,9677";"-432,1196"
"12,4600";"-132,3809";"-387,5454";"-134,8617";"-272,6061";"-127,3654";"-501,1803";"-132,3809";"-387,5454";"-134,8617";"-272,6061";"-127,3654";"-501,1803";"-173,6108";"-321,1144";"-143,1101";"-267,7130";"-185,3334";"-429,4992";"-173,6108";"-321,1144";"-143,1101";"-267,7130";"-185,3334";"-429,4992"
"12,4800";"-134,0535";"-387,4336";"-136,7398";"-272,5564";"-129,0722";"-501,0868";"-134,0535";"-387,4336";"-136,7398";"-272,5564";"-129,0722";"-501,0868";"-175,3555";"-320,0342";"-144,6831";"-267,7720";"-187,2569";"-428,3023";"-175,3555";"-320,0342";"-144,6831";"-267,7720";"-187,2569";"-428,3023"
"12,5000";"-135,6072";"-387,3013";"-138,6982";"-272,3416";"-130,7971";"-501,0024";"-135,6072";"-387,3013";"-138,6982";"-272,3416";"-130,7971";"-501,0024";"-177,1053";"-320,2332";"-146,4301";"-267,8202";"-188,8386";"-428,6843";"-177,1053";"-320,2332";"-146,4301";"-267,8202";"-188,8386";"-428,6843"
"12,5200";"-137,2984";"-386,9853";"-140,4230";"-272,2394";"-132,4589";"-501,1177";"-137,2984";"-386,9853";"-140,4230";"-272,2394";"-132,4589";"-501,1177";"-178,3431";"-321,8975";"-148,0273";"-268,0296";"-190,0881";"-430,5196";"-178,3431";"-321,8975";"-148,0273";"-268,0296";"-190,0881";"-430,5196"
"12,5400";"-138,9237";"-386,8274";"-142,0328";"-272,2503";"-134,2196";"-500,7426";"-138,9237";"-386,8274";"-142,0328";"-272,2503";"-134,2196";"-500,7426";"-179,5467";"-325,0256";"-149,7473";"-268,2795";"-190,9103";"-433,9040";"-179,5467";"-325,0256";"-149,7473";"-268,2795";"-190,9103";"-433,9040"
"12,5600";"-140,6059";"-386,4832";"-143,6381";"-272,0535";"-135,9808";"-500,6099";"-140,6059";"-386,4832";"-143,6381";"-272,0535";"-135,9808";"-500,6099";"-180,6270";"-329,1473";"-151,4628";"-268,1827";"-191,6136";"-438,6048";"-180,6270";"-329,1473";"-151,4628";"-268,1827";"-191,6136";"-438,6048"
"12,5800";"-142,3510";"-386,1281";"-145,2588";"-271,8635";"-137,6656";"-500,4137";"-142,3510";"-386,1281";"-145,2588";"-271,8635";"-137,6656";"-500,4137";"-181,3913";"-334,3455";"-153,1280";"-268,3260";"-191,8979";"-444,4108";"-181,3913";"-334,3455";"-153,1280";"-268,3260";"-191,8979";"-444,4108"
"12,6000";"-144,0546";"-385,9419";"-146,8595";"-271,6069";"-139,3955";"-500,2770";"-144,0546";"-385,9419";"-146,8595";"-271,6069";"-139,3955";"-500,2770";"-181,7627";"-340,6717";"-154,7551";"-268,5440";"-191,6725";"-451,0530";"-181,7627";"-340,6717";"-154,7551";"-268,5440";"-191,6725";"-451,0530"
"12,6200";"-145,7993";"-385,7980";"-148,7331";"-271,4223";"-141,1685";"-499,8928";"-145,7993";"-385,7980";"-148,7331";"-271,4223";"-141,1685";"-499,8928";"-181,8944";"-347,4450";"-156,3995";"-268,7331";"-191,0600";"-458,4493";"-181,8944";"-347,4450";"-156,3995";"-268,7331";"-191,0600";"-458,4493"
"12,6400";"-147,6192";"-385,6027";"-150,4841";"-271,1987";"-142,9075";"-499,7370";"-147,6192";"-385,6027";"-150,4841";"-271,1987";"-142,9075";"-499,7370";"-181,4644";"-354,4767";"-158,1104";"-268,8737";"-189,9419";"-466,2421";"-181,4644";"-354,4767";"-158,1104";"-268,8737";"-189,9419";"-466,2421"
"12,6600";"-149,2404";"-385,4403";"-152,2502";"-271,0714";"-144,8310";"-499,5932";"-149,2404";"-385,4403";"-152,2502";"-271,0714";"-144,8310";"-499,5932";"-180,6306";"-361,5334";"-159,5770";"-269,3881";"-188,2022";"-473,9943";"-180,6306";"-361,5334";"-159,5770";"-269,3881";"-188,2022";"-473,9943"
"12,6800";"-150,7834";"-385,2763";"-154,0805";"-270,8796";"-146,6040";"-499,5499";"-150,7834";"-385,2763";"-154,0805";"-270,8796";"-146,6040";"-499,5499";"-179,2514";"-368,1924";"-161,3959";"-269,5235";"-186,1284";"-481,3692";"-179,2514";"-368,1924";"-161,3959";"-269,5235";"-186,1284";"-481,3692"
"12,7000";"-152,6029";"-385,0249";"-155,8302";"-270,6545";"-148,3351";"-499,2662";"-152,6029";"-385,0249";"-155,8302";"-270,6545";"-148,3351";"-499,2662";"-177,5778";"-374,0436";"-163,1296";"-269,5078";"-183,6630";"-487,9354";"-177,5778";"-374,0436";"-163,1296";"-269,5078";"-183,6630";"-487,9354"
"12,7200";"-154,1833";"-384,9001";"-157,2641";"-270,2804";"-150,3104";"-499,2807";"-154,1833";"-384,9001";"-157,2641";"-270,2804";"-150,3104";"-499,2807";"-175,4820";"-378,9594";"-164,9773";"-269,4207";"-180,5794";"-493,1803";"-175,4820";"-378,9594";"-164,9773";"-269,4207";"-180,5794";"-493,1803"
"12,7400";"-155,6862";"-384,6899";"-158,8073";"-269,9130";"-152,3267";"-499,2163";"-155,6862";"-384,6899";"-158,8073";"-269,9130";"-152,3267";"-499,2163";"-173,4945";"-382,5859";"-166,6695";"-269,5269";"-177,5721";"-497,1230";"-173,4945";"-382,5859";"-166,6695";"-269,5269";"-177,5721";"-497,1230"
"12,7600";"-157,3869";"-384,5639";"-160,4964";"-269,6435";"-153,9955";"-498,9950";"-157,3869";"-384,5639";"-160,4964";"-269,6435";"-153,9955";"-498,9950";"-171,5683";"-384,6066";"-168,6883";"-269,6158";"-174,1584";"-499,4242";"-171,5683";"-384,6066";"-168,6883";"-269,6158";"-174,1584";"-499,4242"
"12,7800";"-159,0215";"-384,3895";"-161,9157";"-269,4094";"-155,7840";"-498,6482";"-159,0215";"-384,3895";"-161,9157";"-269,4094";"-155,7840";"-498,6482";"-173,8468";"-384,7070";"-170,3582";"-269,7985";"-176,4672";"-499,3322";"-173,8468";"-384,7070";"-170,3582";"-269,7985";"-176,4672";"-499,3322"
"12,8000";"-160,7839";"-384,1165";"-163,4468";"-269,3904";"-157,7085";"-498,4705";"-160,7839";"-384,1165";"-163,4468";"-269,3904";"-157,7085";"-498,4705";"-176,0784";"-384,6899";"-172,1659";"-270,2225";"-178,8198";"-499,2495";"-176,0784";"-384,6899";"-172,1659";"-270,2225";"-178,8198";"-499,2495"
"12,8200";"-162,6246";"-383,7959";"-165,3304";"-269,2727";"-159,4851";"-498,1790";"-162,6246";"-383,7959";"-165,3304";"-269,2727";"-159,4851";"-498,1790";"-178,2714";"-384,5134";"-173,9380";"-270,5931";"-181,2435";"-499,3024";"-178,2714";"-384,5134";"-173,9380";"-270,5931";"-181,2435";"-499,3024"
"12,8400";"-164,4643";"-383,5929";"-167,1691";"-268,8726";"-161,2118";"-498,0762";"-164,4643";"-383,5929";"-167,1691";"-268,8726";"-161,2118";"-498,0762";"-180,3809";"-384,5750";"-175,6356";"-270,7801";"-183,5190";"-499,2451";"-180,3809";"-384,5750";"-175,6356";"-270,7801";"-183,5190";"-499,2451"
"12,8600";"-166,1598";"-383,3150";"-168,8693";"-268,7046";"-163,1441";"-497,9647";"-166,1598";"-383,3150";"-168,8693";"-268,7046";"-163,1441";"-497,9647";"-182,3650";"-384,4959";"-177,3316";"-270,8729";"-185,9064";"-499,1383";"-182,3650";"-384,4959";"-177,3316";"-270,8729";"-185,9064";"-499,1383"
"12,8800";"-168,0198";"-382,9657";"-170,7651";"-268,5191";"-165,0770";"-497,7425";"-168,0198";"-382,9657";"-170,7651";"-268,5191";"-165,0770";"-497,7425";"-184,5861";"-384,5007";"-178,9143";"-270,9608";"-188,3806";"-499,0612";"-184,5861";"-384,5007";"-178,9143";"-270,9608";"-188,3806";"-499,0612"
"12,9000";"-169,4072";"-382,6985";"-172,3938";"-268,2290";"-167,0168";"-497,6331";"-169,4072";"-382,6985";"-172,3938";"-268,2290";"-167,0168";"-497,6331";"-186,7732";"-384,3604";"-180,5228";"-270,9820";"-190,8902";"-498,7938";"-186,7732";"-384,3604";"-180,5228";"-270,9820";"-190,8902";"-498,7938"
"12,9200";"-170,9660";"-382,4009";"-174,0865";"-268,0984";"-168,8796";"-497,4573";"-170,9660";"-382,4009";"-174,0865";"-268,0984";"-168,8796";"-497,4573";"-189,0198";"-384,6047";"-182,1137";"-271,2211";"-193,2667";"-498,5938";"-189,0198";"-384,6047";"-182,1137";"-271,2211";"-193,2667";"-498,5938"
"12,9400";"-172,7816";"-382,1051";"-175,7618";"-268,2051";"-170,7401";"-497,2013";"-172,7816";"-382,1051";"-175,7618";"-268,2051";"-170,7401";"-497,2013";"-191,0037";"-384,4316";"-183,8464";"-271,3855";"-195,5735";"-498,3125";"-191,0037";"-384,4316";"-183,8464";"-271,3855";"-195,5735";"-498,3125"
"12,9600";"-174,3887";"-381,8959";"-177,5495";"-268,0177";"-172,6640";"-497,0623";"-174,3887";"-381,8959";"-177,5495";"-268,0177";"-172,6640";"-497,0623";"-193,2092";"-384,4086";"-185,3429";"-271,6582";"-197,8944";"-498,1780";"-193,2092";"-384,4086";"-185,3429";"-271,6582";"-197,8944";"-498,1780"
"12,9800";"-173,9794";"-381,1844";"-179,1946";"-267,8760";"-172,8935";"-496,3985";"-173,9794";"-381,1844";"-179,1946";"-267,8760";"-172,8935";"-496,3985";"-195,1194";"-384,3356";"-187,0910";"-271,8929";"-200,1286";"-497,9301";"-195,1194";"-384,3356";"-187,0910";"-271,8929";"-200,1286";"-497,9301"
"13,0000";"-174,9265";"-380,7558";"-181,0314";"-267,6718";"-173,1495";"-495,7883";"-174,9265";"-380,7558";"-181,0314";"-267,6718";"-173,1495";"-495,7883";"-197,1277";"-384,1783";"-188,9389";"-272,1693";"-202,2364";"-497,8949";"-197,1277";"-384,1783";"-188,9389";"-272,1693";"-202,2364";"-497,8949"
"13,0200";"-175,8702";"-380,4454";"-182,6317";"-267,4657";"-173,3940";"-495,1299";"-175,8702";"-380,4454";"-182,6317";"-267,4657";"-173,3940";"-495,1299";"-198,7495";"-383,8131";"-190,7116";"-272,1979";"-204,4526";"-497,5504";"-198,7495";"-383,8131";"-190,7116";"-272,1979";"-204,4526";"-497,5504"
"13,0400";"-176,7375";"-379,9320";"-184,4732";"-267,2727";"-173,7905";"-494,4209";"-176,7375";"-379,9320";"-184,4732";"-267,2727";"-173,7905";"-494,4209";"-200,6787";"-383,6716";"-192,3917";"-272,3920";"-206,3945";"-497,4791";"-200,6787";"-383,6716";"-192,3917";"-272,3920";"-206,3945";"-497,4791"
"13,0600";"-177,6214";"-379,4819";"-186,1803";"-267,1732";"-174,1116";"-493,6053";"-177,6214";"-379,4819";"-186,1803";"-267,1732";"-174,1116";"-493,6053";"-202,5006";"-383,5764";"-194,3463";"-272,3635";"-208,4893";"-497,1927";"-202,5006";"-383,5764";"-194,3463";"-272,3635";"-208,4893";"-497,1927"
"13,0800";"-178,6641";"-378,8981";"-187,9618";"-267,0659";"-174,7093";"-492,8043";"-178,6641";"-378,8981";"-187,9618";"-267,0659";"-174,7093";"-492,8043";"-204,2456";"-383,5322";"-196,2340";"-272,4353";"-210,6421";"-497,1766";"-204,2456";"-383,5322";"-196,2340";"-272,4353";"-210,6421";"-497,1766"
"13,1000";"-179,5705";"-378,5406";"-189,7884";"-267,1747";"-175,1709";"-492,2370";"-179,5705";"-378,5406";"-189,7884";"-267,1747";"-175,1709";"-492,2370";"-200,1378";"-387,0559";"-197,8613";"-272,2575";"-206,6513";"-500,4016";"-200,1378";"-387,0559";"-197,8613";"-272,2575";"-206,6513";"-500,4016"
"13,1200";"-180,4774";"-378,0203";"-191,7427";"-267,1743";"-175,9866";"-491,6620";"-180,4774";"-378,0203";"-191,7427";"-267,1743";"-175,9866";"-491,6620";"-202,0742";"-387,2135";"-199,4976";"-272,3198";"-208,3858";"-500,3488";"-202,0742";"-387,2135";"-199,4976";"-272,3198";"-208,3858";"-500,3488"
"13,1400";"-181,4394";"-377,6287";"-193,4056";"-267,2467";"-176,8579";"-491,0062";"-181,4394";"-377,6287";"-193,4056";"-267,2467";"-176,8579";"-491,0062";"-203,9678";"-387,3774";"-201,1623";"-272,2002";"-210,3741";"-500,3156";"-203,9678";"-387,3774";"-201,1623";"-272,2002";"-210,3741";"-500,3156"
"13,1600";"-182,8539";"-377,2968";"-194,9297";"-267,2578";"-177,7630";"-490,6070";"-182,8539";"-377,2968";"-194,9297";"-267,2578";"-177,7630";"-490,6070";"-205,4993";"-387,3672";"-202,7475";"-272,3233";"-212,0018";"-500,3039";"-205,4993";"-387,3672";"-202,7475";"-272,3233";"-212,0018";"-500,3039"
"13,1800";"-184,0099";"-377,1424";"-196,5952";"-267,4002";"-178,7047";"-490,3480";"-184,0099";"-377,1424";"-196,5952";"-267,4002";"-178,7047";"-490,3480";"-207,1687";"-387,3400";"-204,2905";"-272,3487";"-213,6280";"-500,1158";"-207,1687";"-387,3400";"-204,2905";"-272,3487";"-213,6280";"-500,1158"
"13,2000";"-185,5680";"-376,8805";"-198,0499";"-267,4598";"-179,9197";"-490,1065";"-185,5680";"-376,8805";"-198,0499";"-267,4598";"-179,9197";"-490,1065";"-208,9277";"-387,2422";"-205,9410";"-272,4496";"-215,5116";"-499,9529";"-208,9277";"-387,2422";"-205,9410";"-272,4496";"-215,5116";"-499,9529"
"13,2200";"-187,3937";"-376,8019";"-199,6794";"-267,6042";"-181,3692";"-490,1265";"-187,3937";"-376,8019";"-199,6794";"-267,6042";"-181,3692";"-490,1265";"-210,7726";"-387,1392";"-207,5701";"-272,3964";"-217,2956";"-499,9721";"-210,7726";"-387,1392";"-207,5701";"-272,3964";"-217,2956";"-499,9721"
"13,2400";"-189,1029";"-376,9223";"-201,2153";"-267,7511";"-182,8272";"-490,2190";"-189,1029";"-376,9223";"-201,2153";"-267,7511";"-182,8272";"-490,2190";"-212,2377";"-386,8547";"-209,2711";"-272,4559";"-218,7822";"-499,6892";"-212,2377";"-386,8547";"-209,2711";"-272,4559";"-218,7822";"-499,6892"
"13,2600";"-190,7421";"-377,0166";"-202,9917";"-267,7676";"-184,7624";"-490,4916";"-190,7421";"-377,0166";"-202,9917";"-267,7676";"-184,7624";"-490,4916";"-214,0189";"-386,8365";"-211,0240";"-272,2485";"-220,5785";"-499,6300";"-214,0189";"-386,8365";"-211,0240";"-272,2485";"-220,5785";"-499,6300"
"13,2800";"-192,8535";"-377,2202";"-204,7258";"-267,8523";"-187,1586";"-490,7858";"-192,8535";"-377,2202";"-204,7258";"-267,8523";"-187,1586";"-490,7858";"-215,8247";"-386,6232";"-212,5720";"-272,1043";"-222,2699";"-499,5442";"-215,8247";"-386,6232";"-212,5720";"-272,1043";"-222,2699";"-499,5442"
"13,3000";"-194,8499";"-377,5071";"-206,6800";"-267,9118";"-189,5006";"-491,2808";"-194,8499";"-377,5071";"-206,6800";"-267,9118";"-189,5006";"-491,2808";"-217,4436";"-386,4557";"-214,1931";"-271,8939";"-223,9743";"-499,4074";"-217,4436";"-386,4557";"-214,1931";"-271,8939";"-223,9743";"-499,4074"
"13,3200";"-196,8811";"-377,9784";"-208,3161";"-268,1633";"-191,6718";"-491,6727";"-196,8811";"-377,9784";"-208,3161";"-268,1633";"-191,6718";"-491,6727";"-219,0706";"-386,4205";"-215,8889";"-271,6198";"-225,5397";"-499,3203";"-219,0706";"-386,4205";"-215,8889";"-271,6198";"-225,5397";"-499,3203"
"13,3400";"-199,0033";"-378,4988";"-210,0569";"-268,1868";"-194,2581";"-492,5010";"-199,0033";"-378,4988";"-210,0569";"-268,1868";"-194,2581";"-492,5010";"-220,8124";"-386,2492";"-217,5699";"-271,4782";"-227,2420";"-499,3290";"-220,8124";"-386,2492";"-217,5699";"-271,4782";"-227,2420";"-499,3290"
"13,3600";"-201,4143";"-379,1984";"-211,7233";"-268,4806";"-196,9497";"-493,2183";"-201,4143";"-379,1984";"-211,7233";"-268,4806";"-196,9497";"-493,2183";"-222,6949";"-385,9903";"-219,1067";"-271,3703";"-228,9272";"-499,2013";"-222,6949";"-385,9903";"-219,1067";"-271,3703";"-228,9272";"-499,2013"
"13,3800";"-203,7133";"-379,8866";"-213,2825";"-268,5748";"-199,3395";"-494,0323";"-203,7133";"-379,8866";"-213,2825";"-268,5748";"-199,3395";"-494,0323";"-224,5139";"-385,8413";"-220,8726";"-271,2785";"-230,3956";"-499,1393";"-224,5139";"-385,8413";"-220,8726";"-271,2785";"-230,3956";"-499,1393"
"13,4000";"-206,0931";"-380,5664";"-214,9330";"-268,7751";"-201,9218";"-494,7747";"-206,0931";"-380,5664";"-214,9330";"-268,7751";"-201,9218";"-494,7747";"-226,2796";"-385,6510";"-222,7424";"-271,2229";"-231,9440";"-499,1659";"-226,2796";"-385,6510";"-222,7424";"-271,2229";"-231,9440";"-499,1659"
"13,4200";"-208,5057";"-381,2553";"-216,5415";"-268,8072";"-204,8634";"-495,6795";"-208,5057";"-381,2553";"-216,5415";"-268,8072";"-204,8634";"-495,6795";"-227,9812";"-385,4011";"-224,6876";"-271,0971";"-233,5488";"-499,0494";"-227,9812";"-385,4011";"-224,6876";"-271,0971";"-233,5488";"-499,0494"
"13,4400";"-211,0699";"-381,9707";"-218,2106";"-269,0556";"-208,0003";"-496,5685";"-211,0699";"-381,9707";"-218,2106";"-269,0556";"-208,0003";"-496,5685";"-229,6598";"-385,3339";"-226,4039";"-270,9178";"-235,0727";"-498,8827";"-229,6598";"-385,3339";"-226,4039";"-270,9178";"-235,0727";"-498,8827"
"13,4600";"-213,5728";"-382,7454";"-219,9355";"-269,2887";"-210,9671";"-497,3869";"-213,5728";"-382,7454";"-219,9355";"-269,2887";"-210,9671";"-497,3869";"-231,1625";"-385,2832";"-228,1324";"-270,6373";"-236,4548";"-498,9293";"-231,1625";"-385,2832";"-228,1324";"-270,6373";"-236,4548";"-498,9293"
"13,4800";"-216,0113";"-383,2996";"-221,8118";"-269,6582";"-214,0745";"-498,2835";"-216,0113";"-383,2996";"-221,8118";"-269,6582";"-214,0745";"-498,2835";"-232,8545";"-385,0546";"-229,8299";"-270,4333";"-238,1183";"-498,8484";"-232,8545";"-385,0546";"-229,8299";"-270,4333";"-238,1183";"-498,8484"
"13,5000";"-220,3682";"-384,6380";"-223,4073";"-269,7966";"-218,6660";"-499,6683";"-220,3682";"-384,6380";"-223,4073";"-269,7966";"-218,6660";"-499,6683";"-234,4457";"-384,6746";"-231,4791";"-270,0432";"-239,5797";"-498,7283";"-234,4457";"-384,6746";"-231,4791";"-270,0432";"-239,5797";"-498,7283"
"13,5200";"-221,7731";"-384,6422";"-225,1393";"-270,0956";"-219,8835";"-499,7640";"-221,7731";"-384,6422";"-225,1393";"-270,0956";"-219,8835";"-499,7640";"-236,1954";"-384,3777";"-233,0068";"-269,7955";"-240,9506";"-498,6031";"-236,1954";"-384,3777";"-233,0068";"-269,7955";"-240,9506";"-498,6031"
"13,5400";"-223,1708";"-384,6522";"-226,9549";"-270,2846";"-220,8606";"-499,8675";"-223,1708";"-384,6522";"-226,9549";"-270,2846";"-220,8606";"-499,8675";"-237,9884";"-384,0998";"-234,7089";"-269,5029";"-242,4076";"-498,5062";"-237,9884";"-384,0998";"-234,7089";"-269,5029";"-242,4076";"-498,5062"
"13,5600";"-224,5879";"-384,7193";"-228,7729";"-270,5071";"-222,0984";"-499,9668";"-224,5879";"-384,7193";"-228,7729";"-270,5071";"-222,0984";"-499,9668";"-239,7446";"-383,7636";"-236,4556";"-269,2593";"-243,8910";"-498,2428";"-239,7446";"-383,7636";"-236,4556";"-269,2593";"-243,8910";"-498,2428"
"13,5800";"-226,1163";"-384,8591";"-230,3747";"-270,7154";"-223,2302";"-499,9605";"-226,1163";"-384,8591";"-230,3747";"-270,7154";"-223,2302";"-499,9605";"-241,4148";"-383,6140";"-238,3012";"-268,9658";"-245,2991";"-498,0321";"-241,4148";"-383,6140";"-238,3012";"-268,9658";"-245,2991";"-498,0321"
"13,6000";"-227,5697";"-384,9634";"-232,1364";"-271,1030";"-224,3896";"-500,0074";"-227,5697";"-384,9634";"-232,1364";"-271,1030";"-224,3896";"-500,0074";"-243,0944";"-383,6527";"-240,0418";"-268,8051";"-246,6459";"-497,8014";"-243,0944";"-383,6527";"-240,0418";"-268,8051";"-246,6459";"-497,8014"
"13,6200";"-228,8204";"-385,0459";"-233,7775";"-271,4053";"-225,5370";"-499,9366";"-228,8204";"-385,0459";"-233,7775";"-271,4053";"-225,5370";"-499,9366";"-244,6327";"-383,5815";"-241,8334";"-268,5518";"-248,0669";"-497,6587";"-244,6327";"-383,5815";"-241,8334";"-268,5518";"-248,0669";"-497,6587"
"13,6400";"-230,0674";"-385,1501";"-235,4371";"-271,8750";"-226,8299";"-499,9065";"-230,0674";"-385,1501";"-235,4371";"-271,8750";"-226,8299";"-499,9065";"-246,2910";"-383,5484";"-243,6127";"-268,3202";"-249,4162";"-497,4056";"-246,2910";"-383,5484";"-243,6127";"-268,3202";"-249,4162";"-497,4056"
"13,6600";"-231,4312";"-385,0089";"-237,1128";"-272,0711";"-227,8433";"-499,9026";"-231,4312";"-385,0089";"-237,1128";"-272,0711";"-227,8433";"-499,9026";"-248,2362";"-383,3135";"-245,2547";"-268,1744";"-250,7724";"-497,2817";"-248,2362";"-383,3135";"-245,2547";"-268,1744";"-250,7724";"-497,2817"
"13,6800";"-232,7108";"-385,1622";"-238,9001";"-272,2193";"-229,1342";"-499,8596";"-232,7108";"-385,1622";"-238,9001";"-272,2193";"-229,1342";"-499,8596";"-249,7258";"-383,1514";"-246,8097";"-267,8870";"-252,0904";"-497,2166";"-249,7258";"-383,1514";"-246,8097";"-267,8870";"-252,0904";"-497,2166"
"13,7000";"-234,0902";"-385,0902";"-240,4726";"-272,5295";"-230,2172";"-499,8237";"-234,0902";"-385,0902";"-240,4726";"-272,5295";"-230,2172";"-499,8237";"-251,5627";"-382,9370";"-248,4697";"-267,7167";"-253,5543";"-497,1450";"-251,5627";"-382,9370";"-248,4697";"-267,7167";"-253,5543";"-497,1450"
"13,7200";"-235,5935";"-385,2677";"-242,3170";"-272,5823";"-231,5699";"-499,8275";"-235,5935";"-385,2677";"-242,3170";"-272,5823";"-231,5699";"-499,8275";;;;;;;;;;;;
"13,7400";"-237,1397";"-385,3137";"-244,1481";"-272,5660";"-232,7637";"-499,6533";"-237,1397";"-385,3137";"-244,1481";"-272,5660";"-232,7637";"-499,6533";;;;;;;;;;;;
"13,7600";"-238,5440";"-385,3693";"-245,8213";"-272,6629";"-234,3446";"-499,4768";"-238,5440";"-385,3693";"-245,8213";"-272,6629";"-234,3446";"-499,4768";;;;;;;;;;;;
"13,7800";"-240,1342";"-385,1196";"-247,4697";"-272,7511";"-235,8428";"-499,2474";"-240,1342";"-385,1196";"-247,4697";"-272,7511";"-235,8428";"-499,2474";;;;;;;;;;;;
"13,8000";"-241,7237";"-385,0946";"-249,2378";"-272,5250";"-237,5558";"-499,1001";"-241,7237";"-385,0946";"-249,2378";"-272,5250";"-237,5558";"-499,1001";;;;;;;;;;;;
"13,8200";"-243,2396";"-384,9381";"-250,8244";"-272,6117";"-239,0680";"-499,0727";"-243,2396";"-384,9381";"-250,8244";"-272,6117";"-239,0680";"-499,0727";;;;;;;;;;;;
"13,8400";"-244,8005";"-384,9612";"-252,4380";"-272,7448";"-240,4519";"-499,0188";"-244,8005";"-384,9612";"-252,4380";"-272,7448";"-240,4519";"-499,0188";;;;;;;;;;;;
"13,8600";"-251,1158";"-387,3907";"-254,0900";"-272,8069";"-246,5483";"-501,4332";"-251,1158";"-387,3907";"-254,0900";"-272,8069";"-246,5483";"-501,4332";;;;;;;;;;;;
"13,8800";"-252,7805";"-387,5206";"-255,7860";"-272,8861";"-248,1408";"-501,5287";"-252,7805";"-387,5206";"-255,7860";"-272,8861";"-248,1408";"-501,5287";;;;;;;;;;;;
